0ff71faa-9f4a-4ace-ac80-1cb93e3ec4d8,a30336c3-d710-4734-8bc9-09dbbb341cab,5904aff4-95e5-4d63-9fff-dac2b0206e74,5.1,39.5412210359377,-119.81492259453775,39.54103952624969,-119.81486503168459,false,false,false,20.75087898770239
98c7f9e8-c9f0-4f45-918e-2aa7cee4371b,c5acb506-d5c7-4987-be54-c5baefa5189d,5904aff4-95e5-4d63-9fff-dac2b0206e74,22.6,39.540869191007864,-119.81479324359417,39.54103952624969,-119.81486503168459,false,false,false,19.89300534069688
da1845b2-b780-40a1-a0fd-d1f33fa77c31,b9db5dc7-3c4b-43c0-9ea4-e5087dcad8c0,b45f8457-d90c-4b91-9bd5-01c291cdee7c,6.7,39.54050362836882,-119.81470167764596,39.54031659514031,-119.81464199724022,false,false,false,21.38988266463349
297e0b45-56dc-4e3d-b058-9009cb93c6f7,c5acb506-d5c7-4987-be54-c5baefa5189d,f70f9099-6f91-4e21-9046-a300ed548c5f,3.0,39.540869191007864,-119.81479324359417,39.54074008804876,-119.814763517582,false,false,false,14.559756161594885
d21da25e-efbe-469b-b477-1be99378b64f,b45f8457-d90c-4b91-9bd5-01c291cdee7c,f70f9099-6f91-4e21-9046-a300ed548c5f,1.6,39.54031659514031,-119.81464199724022,39.54074008804876,-119.814763517582,false,false,false,48.16511585196202
b9c31ebe-f3a9-4491-a270-0ba8e1a0a396,e85380ae-4a98-40ce-b146-ce78167bcb67,f70f9099-6f91-4e21-9046-a300ed548c5f,17.3,39.54079369891472,-119.81451422536641,39.54074008804876,-119.814763517582,false,false,true,22.241201913473056
c8d165de-ea1e-4a59-8a64-4f3a297690d1,e85380ae-4a98-40ce-b146-ce78167bcb67,1926f3c3-a8ad-4b58-8dc7-82886680e53d,17.6,39.54079369891472,-119.81451422536641,39.541006145661584,-119.81458170288619,false,false,false,24.289847822201857
9cde72aa-b2c9-4f37-9874-e02a66b9df14,9d173a46-13db-4c33-9339-43c3b529e6d3,1926f3c3-a8ad-4b58-8dc7-82886680e53d,43.4,39.541155707700916,-119.8143917123346,39.541006145661584,-119.81458170288619,false,false,false,23.291032481485246
f488f125-b3ab-4cb4-8871-9f4a95d873d6,71dff7a7-c0df-4194-aed0-e9a369708935,9d173a46-13db-4c33-9339-43c3b529e6d3,17.5,39.54127569980097,-119.81463975359897,39.541155707700916,-119.8143917123346,false,false,false,25.142013476222363
b5a9a6ba-d35d-477d-a9bc-e371f9758da4,a30336c3-d710-4734-8bc9-09dbbb341cab,71dff7a7-c0df-4194-aed0-e9a369708935,8.5,39.5412210359377,-119.81492259453775,39.54127569980097,-119.81463975359897,false,false,false,25.059757310411268
b7b6de53-a175-4a8b-86b8-9ffce608204d,efd31116-f2fb-465b-9128-875c973158bf,5904aff4-95e5-4d63-9fff-dac2b0206e74,8.5,39.541133973569096,-119.81476270427395,39.54103952624969,-119.81486503168459,false,false,false,13.686994693798807
1ee39b22-b20b-4dd4-bbef-10744ad1ec1c,efd31116-f2fb-465b-9128-875c973158bf,71dff7a7-c0df-4194-aed0-e9a369708935,8.5,39.541133973569096,-119.81476270427395,39.54127569980097,-119.81463975359897,false,false,false,18.955367487674454
ab00ef89-8768-4b56-a059-d4681160fd2c,4fbab2cd-5460-451e-9ee9-b174944048b6,a30336c3-d710-4734-8bc9-09dbbb341cab,19.7,39.54117571636157,-119.81515519356465,39.5412210359377,-119.81492259453775,false,false,false,20.61820314649753
43194a92-2ba8-4bd9-80ae-aefe2322b586,babc0994-ae48-48ae-8110-b953f2fc3058,4fbab2cd-5460-451e-9ee9-b174944048b6,22.4,39.54103579804906,-119.81512072944487,39.54117571636157,-119.81515519356465,false,false,false,15.814528367512885
e350a4b6-6f92-4463-bc0d-b1b48ff19db9,babc0994-ae48-48ae-8110-b953f2fc3058,27c47854-2e5a-439d-868c-799bebd68a88,27.2,39.54103579804906,-119.81512072944487,39.54086105102442,-119.81506160587982,false,false,false,20.056089408604027
f3c62ab6-1f45-44e3-a416-902fa5067433,6f7666d8-2020-48b2-a190-cb742ab07fa2,27c47854-2e5a-439d-868c-799bebd68a88,18.1,39.5406985408751,-119.81501423491544,39.54086105102442,-119.81506160587982,false,false,false,18.49664595636113
12b6f6c4-3698-462e-bd4b-5df264e0e248,6f7666d8-2020-48b2-a190-cb742ab07fa2,b6b5e133-9d62-4b54-afa3-c2ca1c83670c,18.1,39.5406985408751,-119.81501423491544,39.54054119222523,-119.8149668803406,false,false,false,17.937772048443666
7741d03c-8245-4cb9-8345-4fac931bb6ff,199b791f-96c6-443a-b67c-9eabc024d8a0,b6b5e133-9d62-4b54-afa3-c2ca1c83670c,27.5,39.540463357031975,-119.81494199537666,39.54054119222523,-119.8149668803406,false,false,false,8.902551340637933
b4e1ab4b-dec5-4366-bace-f0d6e048b216,199b791f-96c6-443a-b67c-9eabc024d8a0,2ceaf2c7-44da-4664-9055-644989c4e944,28.5,39.540463357031975,-119.81494199537666,39.54027306530706,-119.81487587332084,false,false,false,21.87856118746931
75d3231d-76f5-461e-a3cc-10830fc8b169,b45f8457-d90c-4b91-9bd5-01c291cdee7c,2ceaf2c7-44da-4664-9055-644989c4e944,20.0,39.54031659514031,-119.81464199724022,39.54027306530706,-119.81487587332084,false,false,false,20.677588777580993
a3b8621e-e431-4cb9-864f-b2b8c3a24185,5d403a92-156b-468f-bc29-f7bfb935c7e0,babc0994-ae48-48ae-8110-b953f2fc3058,18.2,39.541006423938846,-119.81495831709806,39.54103579804906,-119.81512072944487,false,false,false,14.337272721630937
b20aea86-d990-4d7f-bb02-9cdf63a8baaa,5d403a92-156b-468f-bc29-f7bfb935c7e0,c5acb506-d5c7-4987-be54-c5baefa5189d,12.2,39.541006423938846,-119.81495831709806,39.540869191007864,-119.81479324359417,false,false,false,20.820896566277902
28689db1-dc1a-47f0-a179-5509d09c388e,6f7666d8-2020-48b2-a190-cb742ab07fa2,f70f9099-6f91-4e21-9046-a300ed548c5f,14.0,39.5406985408751,-119.81501423491544,39.54074008804876,-119.814763517582,false,false,false,22.040571777392422
192ecc53-8044-4084-95a3-c4e6a1722e51,b6b5e133-9d62-4b54-afa3-c2ca1c83670c,f70f9099-6f91-4e21-9046-a300ed548c5f,14.0,39.54054119222523,-119.8149668803406,39.54074008804876,-119.814763517582,false,false,false,28.164712272402095
c38e7a7a-1b5f-4545-8622-b3390848456f,8bc2d44b-ae7b-4e67-abd2-23a19af1536b,9d173a46-13db-4c33-9339-43c3b529e6d3,43.4,39.54099831943971,-119.81430872672311,39.541155707700916,-119.8143917123346,false,false,true,18.874205090057565
dcb661e8-545b-46d9-8f91-54f2ed7b8bfd,7fb70e97-5eb7-449e-9bc4-32af85e8e036,8bc2d44b-ae7b-4e67-abd2-23a19af1536b,28.5,39.540861885282105,-119.81437843378538,39.54099831943971,-119.81430872672311,false,false,true,16.28987468488232
3cc546ba-71f2-4483-8377-a128ecd5c0ed,7fb70e97-5eb7-449e-9bc4-32af85e8e036,a857b867-bc50-454b-a598-0e33ece424b3,54.2,39.540861885282105,-119.81437843378538,39.54083259189941,-119.81426043146226,false,false,false,10.652468202590878
fd8c5e6e-49a8-477a-b107-f357a6a9dd7e,a857b867-bc50-454b-a598-0e33ece424b3,6a40c5d6-0ad0-457b-b24e-9b3556ba16f1,54.2,39.54083259189941,-119.81426043146226,39.54085766085645,-119.81414055332095,false,false,false,10.674346192954529
94370684-8b58-4229-a95d-444648bc2635,000f2f1c-6823-423e-b090-dde12db4569f,42f34806-0cb0-452f-95e7-0c517db15d0f,3.2,39.54089283416947,-119.81398288818625,39.540894348762684,-119.81390688760814,false,false,false,6.535400888125819
43372a24-f2ee-459b-8a5a-ea24b04185d4,3dfd4252-881e-4059-8f82-b3e5839b95da,42f34806-0cb0-452f-95e7-0c517db15d0f,3.2,39.54087592144575,-119.81385075993495,39.540894348762684,-119.81390688760814,false,false,false,5.2407472596728795
740a88cd-7926-47f1-97d3-9087ea4d3696,3dfd4252-881e-4059-8f82-b3e5839b95da,7f459a94-4849-4da6-8824-ec3bf278f624,3.2,39.54087592144575,-119.81385075993495,39.540839857845384,-119.81380072914003,false,false,false,5.876122493097901
338bf762-a316-4922-88a7-d93687bb313b,0f5d2fc9-18ee-4aa0-b1f6-df7841326f9c,7f459a94-4849-4da6-8824-ec3bf278f624,3.2,39.540792216463856,-119.81378530876742,39.540839857845384,-119.81380072914003,false,false,false,5.452996535556238
01755f4f-64d2-47d7-9c58-9323257c4671,0f5d2fc9-18ee-4aa0-b1f6-df7841326f9c,2c8952d9-1342-4b02-ae9e-e2b0624d36db,1.9,39.540792216463856,-119.81378530876742,39.54062396482343,-119.81372167024944,false,false,false,19.464837022551123
a741ad7f-13a8-443a-ae58-2c6cb88ff885,2c8952d9-1342-4b02-ae9e-e2b0624d36db,920a1382-051c-4e98-af0a-c69fede56893,9.3,39.54062396482343,-119.81372167024944,39.54049034253738,-119.81368241881404,false,false,false,15.214397616621042
c1794ffd-f3e9-4cf9-a2f8-431632ee0f89,b5531b00-e827-4ce1-be09-b2e9d0fac338,b45f8457-d90c-4b91-9bd5-01c291cdee7c,7.1,39.540377391474145,-119.81429341619805,39.54031659514031,-119.81464199724022,false,false,false,30.71614345923215
59ec18e1-de74-4577-ae7c-100052858dc2,b5531b00-e827-4ce1-be09-b2e9d0fac338,9e48e136-7657-4209-8b12-ac5827c7d39b,3.0,39.540377391474145,-119.81429341619805,39.54042761497711,-119.81400600749026,false,false,false,25.328113196069907
228f141d-b96d-4927-a2a0-b65545c77a67,920a1382-051c-4e98-af0a-c69fede56893,9e48e136-7657-4209-8b12-ac5827c7d39b,3.4,39.54049034253738,-119.81368241881404,39.54042761497711,-119.81400600749026,false,false,false,28.6753951911686
4ef4594a-b30d-416c-a065-268a69dc6bed,9efa965e-3926-47af-bab5-6f53ff8ac649,2c8952d9-1342-4b02-ae9e-e2b0624d36db,4.6,39.54080674819807,-119.81363035465029,39.54062396482343,-119.81372167024944,false,false,false,21.75895876075622
d627a6a0-047d-4765-b0a5-6da614e3824a,9efa965e-3926-47af-bab5-6f53ff8ac649,ce847e6b-ffdb-4edc-9cb5-e58a0e480e03,4.6,39.54080674819807,-119.81363035465029,39.54096258337912,-119.81361037603723,false,false,false,17.386758511108486
e871cc3c-9e0f-48d1-8dc0-879de9b1ba2d,c8142905-4042-466e-aee3-a47d3dd62336,ce847e6b-ffdb-4edc-9cb5-e58a0e480e03,4.6,39.54098730435345,-119.81372428561217,39.54096258337912,-119.81361037603723,false,false,false,10.169384939245335
a87e0533-df4d-447e-8c9f-16beb55eaeeb,c8142905-4042-466e-aee3-a47d3dd62336,2004c605-77db-4439-9651-4a95e9673028,4.6,39.54098730435345,-119.81372428561217,39.541020070015044,-119.81377364942009,false,false,false,5.58934183093067
f41d76de-8883-4363-98c5-2d21de5d321b,05279bac-fbab-4f7a-8cd3-f0c263e73c70,2004c605-77db-4439-9651-4a95e9673028,4.6,39.541077149083634,-119.81378782682378,39.541020070015044,-119.81377364942009,false,false,false,6.45337403285631
cf3a027e-d822-47af-a670-bc1c41824250,05279bac-fbab-4f7a-8cd3-f0c263e73c70,6c074327-1ee9-4bda-aa17-36c0d6ef6498,14.5,39.541077149083634,-119.81378782682378,39.541105892112,-119.81372033240925,false,false,false,6.6217174349812495
dad72c54-ee3a-4b53-a785-770143ddc40b,d88d756a-be59-471d-9828-5dbfeb144d86,6c074327-1ee9-4bda-aa17-36c0d6ef6498,14.5,39.541121095117454,-119.81359009811746,39.541105892112,-119.81372033240925,false,false,false,11.321824294660166
148d697e-c91e-406a-8fe5-261b5c2eb2ad,d88d756a-be59-471d-9828-5dbfeb144d86,09085bf2-b7d7-47d3-9636-eaa1a3ac22fa,14.5,39.541121095117454,-119.81359009811746,39.54110760228109,-119.8134527643544,false,false,false,11.900250987704633
f90f13f5-79bf-4dc8-9d9c-b495d35d5760,171c1f46-65b6-4ae8-8df9-dbe46a57fa63,09085bf2-b7d7-47d3-9636-eaa1a3ac22fa,14.5,39.54107287048606,-119.81331617578905,39.54110760228109,-119.8134527643544,false,false,false,12.358527643593872
286e5a66-32cd-43a0-87e5-dcfcccf15193,171c1f46-65b6-4ae8-8df9-dbe46a57fa63,9bb807c5-2467-450c-a21f-c2df8a95846d,24.8,39.54107287048606,-119.81331617578905,39.54108792595682,-119.81325376942232,false,false,false,5.619008210277703
d982f29e-5198-471e-96af-596754636830,cb7e8047-4ec3-4e4b-9181-fd76f80c7907,9bb807c5-2467-450c-a21f-c2df8a95846d,24.8,39.541219450613504,-119.81318945073394,39.54108792595682,-119.81325376942232,false,false,false,15.614314857336112
b1c526a8-5747-4fd6-b656-301fe62a3e01,cb7e8047-4ec3-4e4b-9181-fd76f80c7907,1d718300-46a6-449b-90f4-69944c002d1b,24.8,39.541219450613504,-119.81318945073394,39.541315884517665,-119.81335878714002,false,false,false,18.07004824816003
806028d1-267f-403e-8e81-5fd846ad37d3,8c30447f-70bd-40b8-9fc1-8109e19c25ab,1d718300-46a6-449b-90f4-69944c002d1b,24.8,39.54148049098303,-119.81322495364134,39.541315884517665,-119.81335878714002,false,false,false,21.595214890144277
a689bf6b-54b7-4916-b241-26da9db870f5,1d718300-46a6-449b-90f4-69944c002d1b,2acecec9-f408-454b-9bb7-3eb0d08bdaa2,12.0,39.541315884517665,-119.81335878714002,39.541428917383044,-119.81360272474522,false,false,false,24.437880652960313
7f2497d6-99ce-4c86-8a39-f74901b1f2cc,2acecec9-f408-454b-9bb7-3eb0d08bdaa2,2a919989-066d-48dd-b260-51516f677790,28.4,39.541428917383044,-119.81360272474522,39.54160734328289,-119.81379913791817,false,false,false,26.02892218774313
6661ea7d-d298-4795-9f23-1c5d6914a79a,2a919989-066d-48dd-b260-51516f677790,a8f1b2c7-cbbd-4374-b132-143ead3894b6,44.0,39.54160734328289,-119.81379913791817,39.54149472248151,-119.81416877935058,false,false,false,34.146856225516075
44b31af9-7db6-489f-990d-5247bad4414e,a8f1b2c7-cbbd-4374-b132-143ead3894b6,5d8d1bec-cfe5-46f1-8b19-4f563f13ee56,33.7,39.54149472248151,-119.81416877935058,39.541465506452695,-119.81425717212142,false,false,false,8.261848957555072
8df595ff-a3ca-4efd-84c9-26b3590d8bda,5d8d1bec-cfe5-46f1-8b19-4f563f13ee56,791bb529-a576-4958-b6bd-f8945f134838,33.7,39.541465506452695,-119.81425717212142,39.54146492141175,-119.8143578262903,false,false,false,8.652706390389895
510ba207-6b4e-4c8d-919a-661241700171,791bb529-a576-4958-b6bd-f8945f134838,93604da6-e8df-4ea8-af0f-35e1a14db6d8,33.7,39.54146492141175,-119.8143578262903,39.54149953756609,-119.81443317804982,false,false,false,7.53177753567047
48d7ff50-b9b4-4ebb-8f88-22b6a47af3f7,93604da6-e8df-4ea8-af0f-35e1a14db6d8,71dff7a7-c0df-4194-aed0-e9a369708935,20.8,39.54149953756609,-119.81443317804982,39.54127569980097,-119.81463975359897,false,false,true,30.544189850549483
4fce0cbd-798d-4eda-a39b-1288f7f3e27a,fc0eeab0-17ee-4921-b210-baa3de741f7a,9d173a46-13db-4c33-9339-43c3b529e6d3,43.0,39.54121755454898,-119.81407258005903,39.541155707700916,-119.8143917123346,false,false,false,28.279751466794895
a20c53d1-2086-4ffc-b515-33f933fe24de,fc0eeab0-17ee-4921-b210-baa3de741f7a,a8f1b2c7-cbbd-4374-b132-143ead3894b6,33.7,39.54121755454898,-119.81407258005903,39.54149472248151,-119.81416877935058,false,false,false,31.864561337622206
9e45ac89-b633-4ab4-89ae-0a85ad18a7bd,2f82ef64-ec56-424b-a069-ab257de9f2e6,6a40c5d6-0ad0-457b-b24e-9b3556ba16f1,54.2,39.54087236472763,-119.81406442058841,39.54085766085645,-119.81414055332095,false,false,false,6.745137411808266
938490d4-94de-499c-bbc4-cef5f00dc3f0,000f2f1c-6823-423e-b090-dde12db4569f,6a40c5d6-0ad0-457b-b24e-9b3556ba16f1,54.2,39.54089283416947,-119.81398288818625,39.54085766085645,-119.81414055332095,false,false,false,14.104751449793415
5dd49736-50fe-4ade-bd5e-08a27f171e7f,fc0eeab0-17ee-4921-b210-baa3de741f7a,2f82ef64-ec56-424b-a069-ab257de9f2e6,54.2,39.54121755454898,-119.81407258005903,39.54087236472763,-119.81406442058841,false,false,false,38.33140299090232
6c7f8b35-2f65-4000-b39c-f4affdfe5f36,c2febc75-ce04-4ee9-b26f-b7aef1324bf7,2f82ef64-ec56-424b-a069-ab257de9f2e6,54.2,39.540708285473265,-119.81401376853225,39.54087236472763,-119.81406442058841,false,false,false,18.73017513546057
9993b776-a4f7-45ef-b7cd-4208ed388a76,c2febc75-ce04-4ee9-b26f-b7aef1324bf7,8b02ae82-66f6-45fc-8b5b-675acc0cac51,300.0,39.540708285473265,-119.81401376853225,39.54063158275338,-119.8144672778979,false,false,false,39.90443165564008
a626f716-c610-45a6-86f7-91254210db89,e85380ae-4a98-40ce-b146-ce78167bcb67,8b02ae82-66f6-45fc-8b5b-675acc0cac51,17.3,39.54079369891472,-119.81451422536641,39.54063158275338,-119.8144672778979,false,false,false,18.44598036767403
37529319-42d6-4732-94ca-9cecf0f5e1dd,920a1382-051c-4e98-af0a-c69fede56893,30aea827-afc7-4868-bc61-6327918d924e,3.4,39.54049034253738,-119.81368241881404,39.54055994860095,-119.81325530652305,false,false,false,37.52054119237824
63afacf1-0117-4544-a119-6c960027920a,2ceaf2c7-44da-4664-9055-644989c4e944,e401cb41-7ead-401b-8791-3a74654ac2c4,12.0,39.54027306530706,-119.81487587332084,39.5401833758366,-119.81473680731993,false,false,false,15.558669828910224
e1b7c0e6-f709-4a55-9a02-26c8d0152d28,b45f8457-d90c-4b91-9bd5-01c291cdee7c,e401cb41-7ead-401b-8791-3a74654ac2c4,12.0,39.54031659514031,-119.81464199724022,39.5401833758366,-119.81473680731993,false,false,false,16.88767344575397
c10fa0ec-12f2-4cf4-b5b5-55e0aaf9aac6,e401cb41-7ead-401b-8791-3a74654ac2c4,4bfe9e1a-60b2-48ea-ae6c-6ec77d9adac2,300.0,39.5401833758366,-119.81473680731993,39.54002082767021,-119.8146762574999,false,false,false,18.782672956483392
cf9f022f-54ab-490d-8416-b3729eda072c,bb201e25-8823-4d0b-8f44-c369a9cc78ac,4bfe9e1a-60b2-48ea-ae6c-6ec77d9adac2,300.0,39.539839588943344,-119.81470267597177,39.54002082767021,-119.8146762574999,true,false,true,20.2499279060062
2060c12d-2c09-4bfa-8b1d-edf1aeaf6788,bb201e25-8823-4d0b-8f44-c369a9cc78ac,a393a2ef-0e87-4682-a95c-32a3ddeaad15,45.5,39.539839588943344,-119.81470267597177,39.53991011765183,-119.81435730248043,false,false,false,30.70503943412085
9c9ee37f-13e7-4b53-85dc-dcab5f58b846,3561a1a5-e3a6-48cd-bcf5-af3b4a03fe63,a393a2ef-0e87-4682-a95c-32a3ddeaad15,45.5,39.53992515072803,-119.81432332920322,39.53991011765183,-119.81435730248043,false,false,false,3.363776838351199
8c4f45df-ccb8-4d08-9166-2293a195a754,3561a1a5-e3a6-48cd-bcf5-af3b4a03fe63,c9938103-f224-497a-8862-7f9c41bc9c25,31.2,39.53992515072803,-119.81432332920322,39.54024637549004,-119.81442789391326,false,false,false,36.77956549575422
0645e530-2da9-42f5-a967-595e742ba228,c3e812b4-88ab-4ce7-9647-a36e339d30cb,c9938103-f224-497a-8862-7f9c41bc9c25,31.2,39.54020576066663,-119.81461609092982,39.54024637549004,-119.81442789391326,false,false,true,16.794812871346267
4d608904-5b29-4ada-8660-c3a31ea9b5fa,c3e812b4-88ab-4ce7-9647-a36e339d30cb,b45f8457-d90c-4b91-9bd5-01c291cdee7c,12.0,39.54020576066663,-119.81461609092982,39.54031659514031,-119.81464199724022,false,false,false,12.50538149235037
3b2ec24e-1f05-486a-b121-9fd22a4aa8d9,e401cb41-7ead-401b-8791-3a74654ac2c4,c3e812b4-88ab-4ce7-9647-a36e339d30cb,12.0,39.5401833758366,-119.81473680731993,39.54020576066663,-119.81461609092982,false,false,false,10.67070405663015
71ae94fc-e012-466e-8eb2-ec87f24d414f,b45f8457-d90c-4b91-9bd5-01c291cdee7c,b9ec4824-a2bf-4bf7-82e1-afb1b55302cf,7.1,39.54031659514031,-119.81464199724022,39.54025767922504,-119.8145094484554,false,false,false,13.138464150078148
2ffaf52f-9a44-406c-8ec7-4699a4a3388d,b9ec4824-a2bf-4bf7-82e1-afb1b55302cf,d34d0242-dbe2-4f23-be4e-ddb98e990fe2,7.1,39.54025767922504,-119.8145094484554,39.540297806409626,-119.81429077379521,false,false,false,19.31881827983395
6d56c359-f3a0-4b57-a63d-50afb9179c59,d34d0242-dbe2-4f23-be4e-ddb98e990fe2,3a8a2b95-3b7e-47a6-86fb-c2300fc685d0,9.5,39.540297806409626,-119.81429077379521,39.53999350902201,-119.81419858716012,false,false,false,34.70184808555755
0fbe7648-7dcb-49bf-9bf6-1567f704da06,6d0e362f-d35f-47f2-a4b1-3bb6d3bb5f6d,3a8a2b95-3b7e-47a6-86fb-c2300fc685d0,8.9,39.540024006973226,-119.81399759657087,39.53999350902201,-119.81419858716012,false,false,false,17.606638318942718
15934363-fb1f-4fde-9dd6-6ea22f6ecdea,6d0e362f-d35f-47f2-a4b1-3bb6d3bb5f6d,c6f3e99b-5fe9-4acb-9c45-372e860c6e97,18.9,39.540024006973226,-119.81399759657087,39.5397598866275,-119.81390704293341,false,false,false,30.339802859223244
64e810b2-f087-49c3-9699-94ebefe633dd,c6f3e99b-5fe9-4acb-9c45-372e860c6e97,8ae3d403-cd99-41c5-ba00-5e8cc2b31ce7,32.5,39.5397598866275,-119.81390704293341,39.53968335567973,-119.81388891237076,false,false,false,8.6386722594585
595527ef-7a03-494a-80d9-583c12e5eff8,8ae3d403-cd99-41c5-ba00-5e8cc2b31ce7,ee6e7eca-e5ee-4105-b3bd-bc61c41beb51,32.5,39.53968335567973,-119.81388891237076,39.539597955202495,-119.81386049777716,false,false,false,9.791237482188004
9cadc476-f004-413d-b90e-53044717e727,8a88f190-1877-43c6-bb78-a501cad6234c,6d0e362f-d35f-47f2-a4b1-3bb6d3bb5f6d,15.6,39.5401220432943,-119.81354156368467,39.540024006973226,-119.81399759657087,false,false,false,40.68541365158177
a907f326-b17a-4d8e-a5f0-7a19842f9f47,8a88f190-1877-43c6-bb78-a501cad6234c,920a1382-051c-4e98-af0a-c69fede56893,1.5,39.5401220432943,-119.81354156368467,39.54049034253738,-119.81368241881404,false,false,false,42.64581194710199
8c16c6f5-3edb-451a-9b9f-412e451faefe,0493d397-d6b5-4f14-8061-20c9a9e082ab,02e6f075-d413-4cb5-af6d-7bcd56653944,300.0,39.53969712483958,-119.81338901049713,39.53980984203197,-119.81341627723104,true,false,false,12.732137052976242
de8e23a8-3c1d-4811-8c24-3eedd8d921a4,ee6e7eca-e5ee-4105-b3bd-bc61c41beb51,0493d397-d6b5-4f14-8061-20c9a9e082ab,28.1,39.539597955202495,-119.81386049777716,39.53969712483958,-119.81338901049713,false,false,false,42.00006409393979
600ce1d9-4e05-4562-8b15-1c7ad9959bed,a1910bdb-da72-4330-8996-877822cf9d10,0493d397-d6b5-4f14-8061-20c9a9e082ab,25.5,39.53974190284941,-119.81311418888846,39.53969712483958,-119.81338901049713,false,false,false,24.142311204165008
c6617090-54db-4860-bf8c-991919925673,a1910bdb-da72-4330-8996-877822cf9d10,a02db61d-2262-471c-b12f-c1274e824394,23.5,39.53974190284941,-119.81311418888846,39.53977688719164,-119.81292383024798,false,false,false,16.818720201342952
2565fa41-95c1-43af-abe7-d485dffb6a88,df4cc08d-8a7c-4250-8b69-594cf6604636,a02db61d-2262-471c-b12f-c1274e824394,18.0,39.53985021706998,-119.81293769909959,39.53977688719164,-119.81292383024798,false,false,false,8.228338518127348
8fc2b91e-6889-4beb-9e42-10db62618c04,df4cc08d-8a7c-4250-8b69-594cf6604636,e3c5a3d4-5aa0-475a-a06e-7325607e9c82,18.0,39.53985021706998,-119.81293769909959,39.53989435191718,-119.81268955826009,false,false,false,21.88682074291989
e9c7347e-064f-4496-88c8-dbaf2818621e,8a88f190-1877-43c6-bb78-a501cad6234c,f56188a0-31dc-40d6-af9f-59850dd80d25,12.2,39.5401220432943,-119.81354156368467,39.54018005201879,-119.81322656133034,false,false,false,27.834202414104016
6bc8ab07-1ef5-4dcf-b757-7ee968eac34e,bfdd3d95-04ea-4abe-a5f6-6af34c37dad1,f56188a0-31dc-40d6-af9f-59850dd80d25,12.2,39.54017868384602,-119.81308238290046,39.54018005201879,-119.81322656133034,false,false,false,12.395067138862819
24aee6be-7119-493a-bf9e-5a658eca3778,bfdd3d95-04ea-4abe-a5f6-6af34c37dad1,92091fae-0a2c-444f-ac98-ef467cf0865f,11.0,39.54017868384602,-119.81308238290046,39.540132301498566,-119.81297583799471,false,false,false,10.507442173553933
4dcb78d2-5882-421a-8dcc-000940370f75,e3c5a3d4-5aa0-475a-a06e-7325607e9c82,92091fae-0a2c-444f-ac98-ef467cf0865f,11.0,39.53989435191718,-119.81268955826009,39.540132301498566,-119.81297583799471,false,false,false,36.10513023212865
6c923ebc-297b-4da7-b59a-11a85b9a4c4d,e3c5a3d4-5aa0-475a-a06e-7325607e9c82,5dc7a4a0-156a-4249-b2de-7e0b904bdb42,5.9,39.53989435191718,-119.81268955826009,39.54005187564343,-119.81229733880937,false,false,false,37.982823445601326
4fd89657-aacc-4c38-bf69-7a84681097c4,19951273-89df-4a6f-b7bc-8a3dcd958f10,5dc7a4a0-156a-4249-b2de-7e0b904bdb42,300.0,39.539976156309116,-119.81224357877099,39.54005187564343,-119.81229733880937,false,false,false,9.59332702884867
c0d3a3e4-9058-4b4a-8a55-9e499c8d8a1f,e3c5a3d4-5aa0-475a-a06e-7325607e9c82,5b447af9-b7b0-45fd-85c7-ac3a9c90a61c,13.7,39.53989435191718,-119.81268955826009,39.539763685151975,-119.8125953047435,false,false,false,16.616667860805933
4020b70d-21e7-472b-b8bf-aa5b61b8105c,c6c21fb6-924e-491c-81c4-6a046cd90245,5b447af9-b7b0-45fd-85c7-ac3a9c90a61c,13.7,39.53963264703353,-119.81253359718396,39.539763685151975,-119.8125953047435,false,false,false,15.48552554145783
8df2f58e-e8a5-4de9-9c2c-078e49a45422,c6c21fb6-924e-491c-81c4-6a046cd90245,b9a503f7-2127-494f-9c5b-7458f77f0af0,13.7,39.53963264703353,-119.81253359718396,39.539528260028916,-119.81240510527184,false,false,false,16.01027031731485
5df3341c-b4f8-4e31-a1d3-c47765653ac7,0851e077-4215-4160-9391-f73d6302a70a,b9a503f7-2127-494f-9c5b-7458f77f0af0,38.6,39.53969167623001,-119.81228697415179,39.539528260028916,-119.81240510527184,false,false,false,20.792050558641204
97c6b765-23eb-4456-b671-841164a0ec24,0851e077-4215-4160-9391-f73d6302a70a,39d194f7-f199-4e69-82bc-ea6e3b852dd5,48.9,39.53969167623001,-119.81228697415179,39.53980325316011,-119.81232695036233,false,false,false,12.855748162179337
3818c47c-4e78-4722-8939-2f0c4affa7b4,447dbc07-3109-4df9-bb0e-cc840412810c,39d194f7-f199-4e69-82bc-ea6e3b852dd5,48.9,39.53985691578856,-119.81217237285341,39.53980325316011,-119.81232695036233,false,false,false,14.56268809412874
dc474d74-4bde-4140-b8ec-6b31cf3916e4,d04053dd-ba1c-4f1b-b531-9acf03f666e8,447dbc07-3109-4df9-bb0e-cc840412810c,38.0,39.53991115976327,-119.81201082404083,39.53985691578856,-119.81217237285341,false,false,false,15.137064636604997
f6e1e904-2f36-4825-b233-c707bed9311f,d04053dd-ba1c-4f1b-b531-9acf03f666e8,df17b936-77c0-4591-91f3-2d5241797ce2,8.0,39.53991115976327,-119.81201082404083,39.53995799128393,-119.8118624998739,false,false,false,13.769959211518163
7b262ea9-5212-4a94-ae8f-df61eb34edc7,19951273-89df-4a6f-b7bc-8a3dcd958f10,447dbc07-3109-4df9-bb0e-cc840412810c,300.0,39.539976156309116,-119.81224357877099,39.53985691578856,-119.81217237285341,false,false,false,14.58539512193366
1b04c858-85c6-4be3-84c0-b0d85e8de7c7,b9a503f7-2127-494f-9c5b-7458f77f0af0,e3cb698d-1f94-4ad4-a3d3-216ce72c3815,7.9,39.539528260028916,-119.81240510527184,39.539435343809195,-119.81215736462252,false,false,false,23.663945726284965
bf5c430f-6485-4154-8b0b-5739a15430e1,ff6121cd-8406-4838-957b-7ec674e6a3ec,e3cb698d-1f94-4ad4-a3d3-216ce72c3815,7.9,39.53932600631899,-119.81203170183872,39.539435343809195,-119.81215736462252,false,false,false,16.24986060240757
ef8870ab-0d51-446d-af72-71458adb591b,0bb86b30-f3b1-4dd4-9dd6-8f2e3d942f11,ff6121cd-8406-4838-957b-7ec674e6a3ec,10.3,39.53899000828413,-119.8119119491962,39.53932600631899,-119.81203170183872,false,false,false,38.69883181209142
0613e190-d612-4a58-9f49-22f7fc6af631,0bb86b30-f3b1-4dd4-9dd6-8f2e3d942f11,d9bfe673-5ab8-44b9-a75a-f57996b1d976,10.6,39.53899000828413,-119.8119119491962,39.53878673078556,-119.81186045948216,false,false,false,22.999004331998776
adbd1ec6-a23b-4ea0-a59c-5445ab14ca46,09cc5f42-5b5a-45e1-b74a-a572da410c4a,d9bfe673-5ab8-44b9-a75a-f57996b1d976,8.3,39.53855755139572,-119.81187057548541,39.53878673078556,-119.81186045948216,false,false,false,25.45967691499626
99915223-dd36-40fa-b3f8-8554b693825c,09cc5f42-5b5a-45e1-b74a-a572da410c4a,1f6a13ae-1a32-440b-946b-eb89fd5d607e,7.4,39.53855755139572,-119.81187057548541,39.538543815780955,-119.81228633894304,false,false,false,35.77399213455011
38ea8ff7-717b-40bb-b05e-9efbb63d6bb0,59c139e8-f4bd-4535-920d-acaaed73ef02,1f6a13ae-1a32-440b-946b-eb89fd5d607e,8.1,39.538648580016925,-119.812693204125,39.538543815780955,-119.81228633894304,false,false,false,36.85984509560763
b3e3aa1a-d3fa-44e6-8202-a2b3ee653f92,59c139e8-f4bd-4535-920d-acaaed73ef02,3102819b-5b17-4085-b3fc-9c779f139ce8,11.4,39.538648580016925,-119.812693204125,39.53880739609867,-119.81290629853969,false,false,false,25.42616622220727
44cebe6b-55ca-4ad2-b567-ed54fe911d96,3102819b-5b17-4085-b3fc-9c779f139ce8,6a9a7010-37b7-4310-b68c-81ffd0ad58e7,11.4,39.53880739609867,-119.81290629853969,39.53906942214855,-119.8130334370006,false,false,false,31.076971532113472
0661b953-74fa-4ec4-aa71-bb6cf8cfbea5,6a9a7010-37b7-4310-b68c-81ffd0ad58e7,97d6b27f-8ae7-4489-b339-2107c2deeae9,10.6,39.53906942214855,-119.8130334370006,39.539118637341566,-119.81283180621598,false,false,false,18.174101656152295
e8c29c8f-b36b-47bf-be85-14c5fd582071,04f7eb16-4460-4219-9026-dec5f44263dd,97d6b27f-8ae7-4489-b339-2107c2deeae9,10.6,39.53920052745899,-119.81266474843258,39.539118637341566,-119.81283180621598,false,false,false,16.99721696331935
4cf16837-bd3d-4eee-9b4c-abea98a6fbe3,04f7eb16-4460-4219-9026-dec5f44263dd,35b86f08-e062-4dbb-8411-9ca480a2c34f,10.8,39.53920052745899,-119.81266474843258,39.53932306594295,-119.81255131932363,false,false,false,16.738425681909032
3da22829-584f-4d59-9d29-79cb387c1392,b9a503f7-2127-494f-9c5b-7458f77f0af0,35b86f08-e062-4dbb-8411-9ca480a2c34f,9.0,39.539528260028916,-119.81240510527184,39.53932306594295,-119.81255131932363,false,false,false,26.01919347062977
6246605d-50e1-4ed7-a50b-c70b30f405b0,aef76ebc-4e73-477c-9263-8f16df1fbe9c,0493d397-d6b5-4f14-8061-20c9a9e082ab,7.3,39.539394507504554,-119.81329853749742,39.53969712483958,-119.81338901049713,false,false,false,34.48676615458546
d1c63388-9515-4dd0-aa4e-1624af7a4692,aef76ebc-4e73-477c-9263-8f16df1fbe9c,2fea7d8d-0dca-4916-a0fe-0a3aca5089fa,5.0,39.539394507504554,-119.81329853749742,39.53942748517693,-119.81308965989057,false,false,false,18.325613610845892
feb9bfc0-a20d-479e-ada2-1af3296c3208,dd538f98-63b3-48aa-a904-da11f359deaf,2fea7d8d-0dca-4916-a0fe-0a3aca5089fa,300.0,39.53946618947481,-119.81291671588127,39.53942748517693,-119.81308965989057,false,false,false,15.475664060396438
1cdbc755-cd7d-4d01-adf7-922b93054b65,09de3d9c-2c84-478e-b5e5-5ecb15cdce74,aef76ebc-4e73-477c-9263-8f16df1fbe9c,3.8,39.53929669184252,-119.81325398552421,39.539394507504554,-119.81329853749742,false,false,false,11.515603150176476
da174b1a-a62f-4dbe-83b7-e98c2045a47c,09de3d9c-2c84-478e-b5e5-5ecb15cdce74,793d09d5-72a5-4865-9268-91d81347f56b,3.8,39.53929669184252,-119.81325398552421,39.53921001289457,-119.81320345122695,false,false,false,10.558672679946698
380dafd1-45cc-40df-9402-65074c4324c6,58d60b41-16b1-40c6-bec5-f0d0307c5ccc,793d09d5-72a5-4865-9268-91d81347f56b,3.8,39.53914807932746,-119.81315896965823,39.53921001289457,-119.81320345122695,false,false,false,7.867933214882419
48b2645c-c346-45a4-8eab-d93d388b71de,58d60b41-16b1-40c6-bec5-f0d0307c5ccc,6a9a7010-37b7-4310-b68c-81ffd0ad58e7,3.8,39.53914807932746,-119.81315896965823,39.53906942214855,-119.8130334370006,false,false,false,13.882363658289927
396f18b1-08bf-4194-880f-f41911d49ad7,1f6a13ae-1a32-440b-946b-eb89fd5d607e,6bdc20a3-6d0e-4f3d-9fee-e9dd88e1d02d,7.4,39.538543815780955,-119.81228633894304,39.53869116335591,-119.81225725347312,false,false,false,16.549352628706483
83bc5d17-f64d-4366-a359-0a9a6ddfec47,bb7c7af7-f1b4-4616-85fd-24a45330efb3,bce047ef-3abc-4d36-8619-219d70c25a10,300.0,39.53901705480176,-119.81234270866204,39.539255988123955,-119.81243421886467,false,false,false,27.669602266909397
bf9a836f-e262-48b8-b53f-abed5f89de0f,35b86f08-e062-4dbb-8411-9ca480a2c34f,bce047ef-3abc-4d36-8619-219d70c25a10,10.8,39.53932306594295,-119.81255131932363,39.539255988123955,-119.81243421886467,false,false,false,12.521919558415883
af46c84e-4ce1-4af3-8792-6ddf16562713,bb7c7af7-f1b4-4616-85fd-24a45330efb3,ee36a5d2-2d80-4c19-bf66-8b5bbcd26f75,300.0,39.53901705480176,-119.81234270866204,39.5388331602882,-119.81229827289394,true,false,false,20.77130633756557
97944b5b-6827-4cf8-a597-2a56d91be904,6bdc20a3-6d0e-4f3d-9fee-e9dd88e1d02d,ee36a5d2-2d80-4c19-bf66-8b5bbcd26f75,300.0,39.53869116335591,-119.81225725347312,39.5388331602882,-119.81229827289394,false,false,false,16.154870484175643
3d60ec54-8e85-4791-88e3-c7713d55d2ba,ee36a5d2-2d80-4c19-bf66-8b5bbcd26f75,53f70b46-66fa-4c8a-8250-005cb9b5378d,300.0,39.5388331602882,-119.81229827289394,39.538889359101155,-119.81255908444872,true,false,false,23.272809274326466
e2b2dc24-b123-4a5a-b5ae-242dd629576d,53f70b46-66fa-4c8a-8250-005cb9b5378d,d1162686-85c2-48d1-8f3e-fe52d35ab32c,300.0,39.538889359101155,-119.81255908444872,39.53897885294328,-119.81277191991974,true,false,false,20.820375912421557
434aacd6-e5cc-4177-8633-a4b5c31fa6bc,d1162686-85c2-48d1-8f3e-fe52d35ab32c,c7e89f42-c716-4fdb-860d-d1d956595236,300.0,39.53897885294328,-119.81277191991974,39.53902430700466,-119.81286294985739,false,false,false,9.311555730800809
f9a6d410-5739-46f6-ab7e-9e144efb0393,c7e89f42-c716-4fdb-860d-d1d956595236,6a9a7010-37b7-4310-b68c-81ffd0ad58e7,10.6,39.53902430700466,-119.81286294985739,39.53906942214855,-119.8130334370006,false,false,false,15.488288490355817
d10501fb-67fd-4a22-bc1b-e8aa6be53e7c,c7e89f42-c716-4fdb-860d-d1d956595236,97d6b27f-8ae7-4489-b339-2107c2deeae9,10.6,39.53902430700466,-119.81286294985739,39.539118637341566,-119.81283180621598,false,false,false,10.809884455468406
6d47efca-9796-4e48-b94b-f7ee0a6df33d,3be6ef26-f791-482f-9eab-92e63ad583b3,09cc5f42-5b5a-45e1-b74a-a572da410c4a,8.3,39.53849732965067,-119.81196010408095,39.53855755139572,-119.81187057548541,false,false,false,10.195072459853886
3eec926c-11b6-4a7d-9b96-fdfcfa3010c0,f1beac2d-c84b-477e-a0eb-ef10bba04882,cd8fbc77-839b-494d-9c06-fb58b16b4f36,9.6,39.538394071637356,-119.81218351032365,39.538466347000806,-119.81224007540128,false,false,false,9.382806627950712
959d5836-b65e-47b2-9d75-8835a62370be,1f6a13ae-1a32-440b-946b-eb89fd5d607e,cd8fbc77-839b-494d-9c06-fb58b16b4f36,9.6,39.538543815780955,-119.81228633894304,39.538466347000806,-119.81224007540128,false,false,false,9.476021266720686
54f1c406-5dff-421e-81e5-00a0e7ca7cfa,f1beac2d-c84b-477e-a0eb-ef10bba04882,3be6ef26-f791-482f-9eab-92e63ad583b3,15.4,39.538394071637356,-119.81218351032365,39.53849732965067,-119.81196010408095,false,false,false,22.366837717535418
8fcba839-0992-4cc4-9261-5fc00b36964e,78d0e80f-b418-4842-954d-2a23ed353512,3be6ef26-f791-482f-9eab-92e63ad583b3,6.9,39.53807684863014,-119.8116298983561,39.53849732965067,-119.81196010408095,false,false,false,54.63709989707529
92cdc7a7-7289-42ad-aa3e-9fa1c7239ec0,78d0e80f-b418-4842-954d-2a23ed353512,bebcca96-d361-46b4-91b5-5055d455273e,6.5,39.53807684863014,-119.8116298983561,39.53788776598024,-119.8114636281806,false,false,false,25.397189853855362
dfbe7e62-d14c-4269-b128-0d41ca357791,b70489cb-954b-441d-a74f-600f5267c44d,bebcca96-d361-46b4-91b5-5055d455273e,12.0,39.53785205355206,-119.81147047161392,39.53788776598024,-119.8114636281806,false,false,false,4.008406837415613
4b4844b0-d3ee-4e06-a0fc-0729ad52b269,af7d736f-56c8-4c68-8563-c4db17beecca,59c139e8-f4bd-4535-920d-acaaed73ef02,3.7,39.53850179797304,-119.81283155768831,39.538648580016925,-119.812693204125,false,false,false,20.175196196008038
67e5f338-6b43-47cb-89e1-e82854f3ae7c,c97e999f-091e-451b-be8a-fc496c29ae6a,59c139e8-f4bd-4535-920d-acaaed73ef02,3.7,39.53843807061398,-119.81272576098367,39.538648580016925,-119.812693204125,false,false,false,23.538949868421337
e563d345-89b8-480c-9618-ea823fa4080b,a533b6e2-cd1b-4c62-8a0f-b55af3853e75,c97e999f-091e-451b-be8a-fc496c29ae6a,123.5,39.53826669888124,-119.8125904228881,39.53843807061398,-119.81272576098367,false,false,false,22.301926610965054
b88054df-a5eb-4cd3-8658-a8fdfddfbfb4,a533b6e2-cd1b-4c62-8a0f-b55af3853e75,9c009cde-a410-4ee5-aeb6-69c4d74cd66b,29.3,39.53826669888124,-119.8125904228881,39.538032722596924,-119.81243234062664,false,false,false,29.317345181444704
d80d4d79-8b79-4cbe-92f5-242e1cc874e9,adee1324-1076-4151-a6b0-ab09a50f1f0d,a533b6e2-cd1b-4c62-8a0f-b55af3853e75,29.3,39.538189134441666,-119.81276979834496,39.53826669888124,-119.8125904228881,false,false,false,17.661947122029662
eeb9d406-c6d5-46ee-9182-e619f91880b7,9c009cde-a410-4ee5-aeb6-69c4d74cd66b,e678564a-bbbb-4ec9-a46d-ec1f5047f64e,3.9,39.538032722596924,-119.81243234062664,39.53819594518948,-119.81209626031507,false,false,false,34.10468535632847
9044937c-32c9-439e-8f35-ff9b44748cf5,c1b65586-193f-4ba3-ae17-9dfc85c63acd,e678564a-bbbb-4ec9-a46d-ec1f5047f64e,3.0,39.53793283176772,-119.81188421614996,39.53819594518948,-119.81209626031507,false,false,false,34.433235938050544
3939c24f-0dd1-4eaa-83b3-8e97ee6f8cad,c1b65586-193f-4ba3-ae17-9dfc85c63acd,a56976f9-0ba0-45a0-8fdc-4794bea304bb,10.8,39.53793283176772,-119.81188421614996,39.53777607459054,-119.81220593295656,false,false,false,32.67734430204058
7d9f685d-1cf5-4210-9791-d131564c7ed4,9c009cde-a410-4ee5-aeb6-69c4d74cd66b,a56976f9-0ba0-45a0-8fdc-4794bea304bb,1.0,39.538032722596924,-119.81243234062664,39.53777607459054,-119.81220593295656,false,false,false,34.507496847017244
1e07737c-fa84-46a0-bceb-498228207e82,a56976f9-0ba0-45a0-8fdc-4794bea304bb,2e65e78f-2cd9-4b35-8519-12cee0edf1fa,12.6,39.53777607459054,-119.81220593295656,39.53757183570613,-119.81204365425293,false,false,false,26.623492315965073
978272b4-b7e9-4d42-a1c4-d91d33a9b780,2e65e78f-2cd9-4b35-8519-12cee0edf1fa,b70489cb-954b-441d-a74f-600f5267c44d,3.6,39.53757183570613,-119.81204365425293,39.53785205355206,-119.81147047161392,false,false,false,58.274519795002185
87f54ad0-56ac-4749-ae15-16a83732ab36,0bb8e316-19ee-4906-80ff-e17c579ecdde,aef76ebc-4e73-477c-9263-8f16df1fbe9c,2.8,39.53933496081292,-119.81362641069755,39.539394507504554,-119.81329853749742,false,false,false,28.950563420634392
d3ea2056-ddcc-467f-ad74-03af88c0c9ce,edcc07c3-4ea6-4a2b-a2a3-8f2c15ce5cdf,aef76ebc-4e73-477c-9263-8f16df1fbe9c,2.3,39.53928913361785,-119.81386671640368,39.539394507504554,-119.81329853749742,false,false,false,50.22503380022316
cf9481aa-7817-4b83-b584-bd42513e3ac4,02f41ac7-7eae-4811-b13a-6ff69fb0add9,a4c44c4e-cf03-47b5-b007-773f609d9a08,10.0,39.539237812807585,-119.81413608884257,39.539266643600946,-119.8139683486455,false,false,false,14.77079783498276
b117cf66-c9a1-4387-b5fe-9d0fa542f566,edcc07c3-4ea6-4a2b-a2a3-8f2c15ce5cdf,a4c44c4e-cf03-47b5-b007-773f609d9a08,10.0,39.53928913361785,-119.81386671640368,39.539266643600946,-119.8139683486455,false,false,false,9.08662706474481
0b0911da-4b76-408a-a7db-f85101efd747,7eabaad4-a523-4147-9112-a5d9be966e13,0bb8e316-19ee-4906-80ff-e17c579ecdde,5.2,39.5393780968948,-119.81363841141412,39.53933496081292,-119.81362641069755,false,false,false,4.89906926105591
47f15eaf-7e22-4658-9a56-80e2f9f3151a,7eabaad4-a523-4147-9112-a5d9be966e13,03c8f846-3aa7-485a-a39a-cec27aeec1fb,5.2,39.5393780968948,-119.81363841141412,39.53940606585932,-119.81366611898672,false,false,false,3.913576504674754
e33c16ef-318a-4f85-a0c7-287c28616c14,edda438b-411c-4980-8c8a-dedf048de71c,03c8f846-3aa7-485a-a39a-cec27aeec1fb,5.2,39.53942296314309,-119.81370128898769,39.53940606585932,-119.81366611898672,false,false,false,3.5581382619390487
51e03c4a-1612-450d-9ad3-78b919a06f74,edda438b-411c-4980-8c8a-dedf048de71c,9b121323-3339-4063-a09d-57e71baa07cc,23.4,39.53942296314309,-119.81370128898769,39.539433879819114,-119.81374430930265,false,false,false,3.8917796344589655
1d3c97db-361e-4478-89d6-43556e0a4b58,467034d0-ba85-4518-99b4-fc7c72952352,9b121323-3339-4063-a09d-57e71baa07cc,23.4,39.539446273280745,-119.81378146569375,39.539433879819114,-119.81374430930265,false,false,false,3.4779156502582516
f985981c-b019-44ad-a99b-3ff8b53dcd2e,467034d0-ba85-4518-99b4-fc7c72952352,a97d5d08-a222-4039-8a06-0f1bda0006ec,23.4,39.539446273280745,-119.81378146569375,39.539466258611775,-119.81381009291076,false,false,false,3.313555049423838
4860643f-d24b-477a-a815-865cbb368b4a,35d8bfe3-d63d-4491-9608-bf5432f92e7a,a97d5d08-a222-4039-8a06-0f1bda0006ec,23.4,39.53951491381432,-119.81383761300941,39.539466258611775,-119.81381009291076,false,false,false,5.897306625443089
509b2d51-1940-450a-b272-8943554fc2af,35d8bfe3-d63d-4491-9608-bf5432f92e7a,ee6e7eca-e5ee-4105-b3bd-bc61c41beb51,23.4,39.53951491381432,-119.81383761300941,39.539597955202495,-119.81386049777716,false,false,false,9.427286592752312
a761799a-cb7e-4dd9-9707-7b3fbd97a518,02f41ac7-7eae-4811-b13a-6ff69fb0add9,a393a2ef-0e87-4682-a95c-32a3ddeaad15,4.8,39.539237812807585,-119.81413608884257,39.53991011765183,-119.81435730248043,false,false,false,77.02748616977343
bafbdd46-dbb5-4065-8e72-994be7c2d1fb,d290973c-b233-4738-8fc2-4207c307e332,a236d96d-9ecd-47f0-a5eb-3d50d901ebfe,3.3,39.54377988457484,-119.81587647735,39.54384166634211,-119.81594358319883,false,false,false,8.9624333390951
6b55fe3f-1064-497c-a73b-30d858ce94f9,ac1dcd39-4423-46a4-b681-25766e94adae,a236d96d-9ecd-47f0-a5eb-3d50d901ebfe,11.4,39.54386293149519,-119.81604112745518,39.54384166634211,-119.81594358319883,false,false,false,8.710900157559811
656b37d6-c295-4f07-8124-7397dc7264c5,ac1dcd39-4423-46a4-b681-25766e94adae,75043a15-6294-412e-9598-9d75a0982ad5,11.4,39.54386293149519,-119.81604112745518,39.54385679164272,-119.81608746339612,false,false,false,4.040919755503189
fcc1302b-6701-402e-bee6-c64f369e46a8,7efe7d84-f3c9-4f4e-a6b5-b121dfa98d8b,75043a15-6294-412e-9598-9d75a0982ad5,11.4,39.543840753102984,-119.81613880579893,39.54385679164272,-119.81608746339612,false,false,false,4.759055447665295
73e287b7-4dab-447c-a44f-e18426532949,7efe7d84-f3c9-4f4e-a6b5-b121dfa98d8b,cd53c183-0a7a-4f02-8734-17428d1b7047,7.1,39.543840753102984,-119.81613880579893,39.54378355543007,-119.81621095611627,false,false,false,8.876521300070685
eddf8446-341e-44f8-90e9-20bf614636ad,cd53c183-0a7a-4f02-8734-17428d1b7047,6195fcd5-191f-4e48-855b-3039a803778a,7.1,39.54378355543007,-119.81621095611627,39.5437080348592,-119.8162435094529,false,false,false,8.839351106382574
a2a05d4e-a36e-4932-be9a-fcad09dd9921,6195fcd5-191f-4e48-855b-3039a803778a,7cc0ce4b-c81f-4f3c-9c6d-f1395355168f,7.1,39.5437080348592,-119.8162435094529,39.54363968463671,-119.81622587864128,false,false,false,7.738498562958138
e7daea97-692f-42cc-b3da-edee62c40b4b,825fef42-4fd8-4c97-a32f-a019ce77951a,cd53c183-0a7a-4f02-8734-17428d1b7047,7.1,39.54383237287805,-119.81628965006972,39.54378355543007,-119.81621095611627,false,false,false,8.66802488088992
92c3a07f-0b10-44d5-b41c-f1c15544620f,701c6e20-55ed-4674-9fb6-f40fe3b53a31,825fef42-4fd8-4c97-a32f-a019ce77951a,35.3,39.543759964670876,-119.81639155519832,39.54383237287805,-119.81628965006972,false,false,false,11.889529962441523
7bb90f97-b67d-4295-a9ca-a97f5998be70,701c6e20-55ed-4674-9fb6-f40fe3b53a31,fe6d9b2a-dc7e-4db6-8ae6-fa132cf1c96f,35.4,39.543759964670876,-119.81639155519832,39.54371843868742,-119.81649148831411,false,false,false,9.749248507976112
90bfd6af-7fb3-4fae-b129-96e647006243,fc69024e-8db4-4d88-acfb-23ee7828ce17,fe6d9b2a-dc7e-4db6-8ae6-fa132cf1c96f,35.4,39.54369215625401,-119.81660735373713,39.54371843868742,-119.81649148831411,false,false,false,10.378403208248082
3f1bafbb-9ddb-4851-bb53-4c23a0a2ae47,fc69024e-8db4-4d88-acfb-23ee7828ce17,eec2ded0-51f6-4e47-9b87-d3796026fa3f,35.4,39.54369215625401,-119.81660735373713,39.543688488248414,-119.81669590145972,false,false,false,7.622408402159658
2b402935-fe32-4d4e-82fe-53373381c092,9e8a86bf-a6d0-4d2d-b6b7-74b74ffe9ae0,825fef42-4fd8-4c97-a32f-a019ce77951a,1.1,39.54399077881638,-119.81653813614867,39.54383237287805,-119.81628965006972,false,false,false,27.668468735374184
8eef0c48-2aee-47d0-b01f-3474737841f7,850ebcd6-096e-4aab-b1b8-d209ca1226d8,825fef42-4fd8-4c97-a32f-a019ce77951a,26.7,39.543879225574685,-119.8162488468298,39.54383237287805,-119.81628965006972,false,false,false,6.273863121325228
493a3a95-fb74-4e80-ba13-4608c2fdba8b,850ebcd6-096e-4aab-b1b8-d209ca1226d8,d4d79035-aba3-4070-837d-36ea366260c6,26.7,39.543879225574685,-119.8162488468298,39.54395761123562,-119.81619969467334,false,false,false,9.674228643280282
00093ff5-a522-4f03-ae2f-17dd25f51a70,4bfa4b21-2205-420e-861d-92ef7ce76c56,d4d79035-aba3-4070-837d-36ea366260c6,26.7,39.54402224691909,-119.81617604608289,39.54395761123562,-119.81619969467334,false,false,false,7.4585964726450396
6dac3d15-72a3-49ad-aa0e-18fee07b3e7b,4bfa4b21-2205-420e-861d-92ef7ce76c56,6c5d1813-c19b-4826-83a4-93488d10a0c5,26.7,39.54402224691909,-119.81617604608289,39.54410112865554,-119.81617913574806,false,false,false,8.761940502754898
8f3bad21-a5f2-45b2-8596-626d5be63ef1,144086f5-f187-4d3c-a508-72aeeab879ac,a236d96d-9ecd-47f0-a5eb-3d50d901ebfe,26.7,39.544046081913024,-119.81599659447824,39.54384166634211,-119.81594358319883,false,false,false,23.148359525327116
865aa2ef-14b0-42ff-920e-b5ee62ff8940,75043a15-6294-412e-9598-9d75a0982ad5,144086f5-f187-4d3c-a508-72aeeab879ac,26.7,39.54385679164272,-119.81608746339612,39.544046081913024,-119.81599659447824,false,false,false,22.420734136878995
c932b75e-f467-4033-91f9-68169d4f651b,ca7e0272-40f1-46d8-b297-e251f24d6f5b,144086f5-f187-4d3c-a508-72aeeab879ac,11.0,39.54409964370636,-119.81600648245652,39.544046081913024,-119.81599659447824,false,false,false,6.007179890897458
ae17e339-efcf-4a46-a288-9d5135ff6489,ca7e0272-40f1-46d8-b297-e251f24d6f5b,48862966-3d13-408f-a5d7-45ebafb142c7,11.0,39.54409964370636,-119.81600648245652,39.54416818389133,-119.81600678648617,false,false,false,7.6097795914173805
47c6b6ca-59d2-43f3-92df-311ce2534c97,b6b706b5-c440-4dea-a4e8-99b9371e22e1,48862966-3d13-408f-a5d7-45ebafb142c7,11.0,39.54423785695468,-119.81604596140046,39.54416818389133,-119.81600678648617,false,false,false,8.436692220379747
946c264d-9474-4cfa-bde3-136390c3176d,ca7e0272-40f1-46d8-b297-e251f24d6f5b,6c5d1813-c19b-4826-83a4-93488d10a0c5,11.0,39.54409964370636,-119.81600648245652,39.54410112865554,-119.81617913574806,false,false,false,14.842026277206596
308a3809-031b-4449-a9a9-3ba192f854b5,6c5d1813-c19b-4826-83a4-93488d10a0c5,48649577-51cc-4c55-bcd7-190183311c63,11.0,39.54410112865554,-119.81617913574806,39.54415976554202,-119.81617473255248,false,false,false,6.521205413926233
df5c2ec0-b1e1-4735-ba0c-29759447b95a,48649577-51cc-4c55-bcd7-190183311c63,e49838c3-0c06-4673-9f73-67f39635c053,16.0,39.54415976554202,-119.81617473255248,39.5442114878407,-119.81619639748214,false,false,false,6.036936913852055
8708d113-85b5-4a9b-8d8c-bbb835ed4e40,e49838c3-0c06-4673-9f73-67f39635c053,8a9842d7-80e7-488a-9705-ee9fb27be0a2,16.0,39.5442114878407,-119.81619639748214,39.54428951761374,-119.81625032346265,false,false,false,9.8254909284211
21845533-ea58-4f8e-a060-92114b9e934d,8a9842d7-80e7-488a-9705-ee9fb27be0a2,0d27e4e6-9d6d-4f4b-ac89-1498ce0a349a,16.0,39.54428951761374,-119.81625032346265,39.5443551122232,-119.81631112982936,false,false,false,8.964238589880692
cb69d96e-21f7-4d46-ac3c-200bed89ee88,0d27e4e6-9d6d-4f4b-ac89-1498ce0a349a,abc0d530-dca9-44f0-b876-d9ed71a805b5,16.0,39.5443551122232,-119.81631112982936,39.54440328824982,-119.81638452749851,false,false,false,8.271342739270567
78eac6ad-9909-4b9e-80ca-1655c2fc92ce,e2b6a41f-658b-43f6-94c2-e9e25d2a0b04,9e8a86bf-a6d0-4d2d-b6b7-74b74ffe9ae0,1.7,39.544042832957565,-119.81651259537159,39.54399077881638,-119.81653813614867,false,false,false,6.182315584305544
b9cdb65d-301d-42f3-8da3-7ab63df5cc92,e2b6a41f-658b-43f6-94c2-e9e25d2a0b04,4019563c-c886-4b13-915e-4a21c3241703,1.7,39.544042832957565,-119.81651259537159,39.5440941155431,-119.81650043687429,false,false,false,5.78882117124623
8e5a14f4-67ab-42a7-8561-1972b3adf2e6,95442bfe-5262-44bc-9afb-b45ef95cc11c,4019563c-c886-4b13-915e-4a21c3241703,1.7,39.5441315759335,-119.81650319080931,39.5440941155431,-119.81650043687429,false,false,false,4.165804448994396
3d7fefed-5628-4ea3-82b1-8f80adf39ed2,95442bfe-5262-44bc-9afb-b45ef95cc11c,97d3cdfb-0913-4067-aefc-a66dc7216424,1.7,39.5441315759335,-119.81650319080931,39.54418374787996,-119.81654143515954,false,false,false,6.660301391888469
1dddd29f-60d6-4ac6-86f9-c54161da4089,97a462aa-40af-42ae-bd90-cda1c2020030,97d3cdfb-0913-4067-aefc-a66dc7216424,1.7,39.54421376988423,-119.81657503627703,39.54418374787996,-119.81654143515954,false,false,false,4.410523798229087
a49773e9-ed6b-4d3a-9cc6-c3fc8c57eff5,4019563c-c886-4b13-915e-4a21c3241703,6c5d1813-c19b-4826-83a4-93488d10a0c5,1.3,39.5440941155431,-119.81650043687429,39.54410112865554,-119.81617913574806,false,false,false,27.62970989821938
f99c4ec4-a692-47bc-b854-1cb8cb3e1fcb,abc0d530-dca9-44f0-b876-d9ed71a805b5,97a462aa-40af-42ae-bd90-cda1c2020030,3.3,39.54440328824982,-119.81638452749851,39.54421376988423,-119.81657503627703,false,false,false,26.6629438555623
c57a8ad4-a543-4c52-9003-568bf13a5e18,b6b706b5-c440-4dea-a4e8-99b9371e22e1,e49838c3-0c06-4673-9f73-67f39635c053,16.0,39.54423785695468,-119.81604596140046,39.5442114878407,-119.81619639748214,false,false,false,13.258587136437097
e031e053-1cdf-4e22-adb4-c936272d6cd1,b6b706b5-c440-4dea-a4e8-99b9371e22e1,6c5d1813-c19b-4826-83a4-93488d10a0c5,16.0,39.54423785695468,-119.81604596140046,39.54410112865554,-119.81617913574806,false,false,false,19.012885980623192
dfd27523-112a-4fd1-acb4-8f689f3f2aa9,e49838c3-0c06-4673-9f73-67f39635c053,ca7e0272-40f1-46d8-b297-e251f24d6f5b,16.0,39.5442114878407,-119.81619639748214,39.54409964370636,-119.81600648245652,false,false,false,20.510948087354873
9ad80d9d-edfc-41bc-aca8-3aa4bcba0716,0129dc6f-8dd6-40d6-b6cf-b8db33bfa6ff,97a462aa-40af-42ae-bd90-cda1c2020030,1.7,39.54423859400108,-119.81666967511228,39.54421376988423,-119.81657503627703,false,false,false,8.589249531875533
1eb29e3f-fdcd-42a3-974f-23ee11ca0973,52edd1c0-a6a3-4793-8400-211de5668748,0129dc6f-8dd6-40d6-b6cf-b8db33bfa6ff,1.7,39.54423231773413,-119.81678382766418,39.54423859400108,-119.81666967511228,false,false,false,9.837135796237293
fc9f09c4-78bd-4508-b323-a63d0d310ec6,ee970542-6b5c-4aaa-ab58-56335837cde8,52edd1c0-a6a3-4793-8400-211de5668748,1.7,39.54428435588641,-119.81677780378135,39.54423231773413,-119.81678382766418,false,false,false,5.8007391993380475
735c57b5-a9ab-4703-aa25-11d8cfa99c99,abc0d530-dca9-44f0-b876-d9ed71a805b5,ba8395c4-fb32-4a1e-8e1d-5e171084e9f2,19.2,39.54440328824982,-119.81638452749851,39.54445636469692,-119.81647729821154,false,false,false,9.915520373890438
612ae179-2c4c-4225-b6a8-c939b8afcd64,b3120653-7c17-4bbb-87d3-0e316a65ff14,ba8395c4-fb32-4a1e-8e1d-5e171084e9f2,19.2,39.54448677603729,-119.81664925301257,39.54445636469692,-119.81647729821154,false,false,false,15.161730157689231
6fe69c0e-a151-4457-bcff-7d215de71a19,b3120653-7c17-4bbb-87d3-0e316a65ff14,62e0fe43-9275-487b-a5e0-e54a902aeeb4,19.2,39.54448677603729,-119.81664925301257,39.54448617350932,-119.8167592920349,false,false,false,9.459032457153876
820937d1-782c-4c88-a447-fc414f745cf2,ee970542-6b5c-4aaa-ab58-56335837cde8,62e0fe43-9275-487b-a5e0-e54a902aeeb4,12.9,39.54428435588641,-119.81677780378135,39.54448617350932,-119.8167592920349,false,false,false,22.46341179602088
ef663bfc-d227-41a1-b1d3-6c2db34f5a9c,e5e7fd64-0e54-4aca-acf1-a8eee8d9b9e0,144086f5-f187-4d3c-a508-72aeeab879ac,48.9,39.544069621650806,-119.81586338379883,39.544046081913024,-119.81599659447824,false,false,true,11.745139404070684
f91d811d-458a-4f06-87fd-a8e27756a5f0,7d284331-c027-497d-918d-690befdb8b76,e5e7fd64-0e54-4aca-acf1-a8eee8d9b9e0,48.9,39.54407090360962,-119.8157626104899,39.544069621650806,-119.81586338379883,false,false,true,8.663549498273273
5abc7e7b-1100-45b8-96ff-e201e0acb0f8,7d284331-c027-497d-918d-690befdb8b76,e4ad8788-ab41-466e-823e-29496c11a48b,48.9,39.54407090360962,-119.8157626104899,39.54410288782723,-119.81567421956429,false,false,false,8.386879572959167
7fc0c5e3-0bd8-46ed-8f73-cdc13f796667,e4ad8788-ab41-466e-823e-29496c11a48b,b8894d1d-2186-46ac-a282-c7d42ee4cec8,48.9,39.54410288782723,-119.81567421956429,39.544109941691374,-119.8155882456632,false,false,false,7.431613985984684
c023d75e-36be-4717-a8c8-5707e101d8f5,e4ad8788-ab41-466e-823e-29496c11a48b,13681c93-979a-44c5-bb29-3efc11c30045,27.0,39.54410288782723,-119.81567421956429,39.544036239501175,-119.81564819149409,false,false,false,7.730532439942676
e75daa63-c3f0-4314-882c-be42ff006b26,938423ad-7813-4c26-b9ee-2a5905442fe0,13681c93-979a-44c5-bb29-3efc11c30045,27.0,39.544062481993535,-119.81557890250251,39.544036239501175,-119.81564819149409,false,false,false,6.630475628371627
b2781bf3-8a2b-41d4-b5ca-39136fe6b4cd,938423ad-7813-4c26-b9ee-2a5905442fe0,b8894d1d-2186-46ac-a282-c7d42ee4cec8,27.0,39.544062481993535,-119.81557890250251,39.544109941691374,-119.8155882456632,false,false,false,5.330108716903922
e6cfcd62-6a0c-4217-b455-ed7d5a566aac,8d8241cf-6413-4d23-9fea-c60e3f5cbcd7,938423ad-7813-4c26-b9ee-2a5905442fe0,27.0,39.5440802398132,-119.81548072150606,39.544062481993535,-119.81557890250251,false,false,false,8.666780134567961
ab964471-00c8-48ab-88c6-58ba86811bc9,844833b9-d028-42a9-8584-2f30faf14af7,8d8241cf-6413-4d23-9fea-c60e3f5cbcd7,27.0,39.54407870560496,-119.81539686939082,39.5440802398132,-119.81548072150606,false,false,false,7.209861613985404
70901922-794f-4158-8d20-aa5aff6a7a9d,87fdbc8d-72cd-4f89-b4b4-4d818eb72425,8d8241cf-6413-4d23-9fea-c60e3f5cbcd7,27.0,39.54407561188263,-119.81530616959544,39.5440802398132,-119.81548072150606,false,false,false,15.013114121391109
515fca8a-ed22-47d6-88a4-618a17cbf2cf,b4c9c0c4-66f4-4db5-bb88-91d319171a39,87fdbc8d-72cd-4f89-b4b4-4d818eb72425,18.7,39.54406077052236,-119.81523847273917,39.54407561188263,-119.81530616959544,false,false,false,6.047956422887231
b70ca9a3-af46-4ec0-bd52-8420557aef40,b4c9c0c4-66f4-4db5-bb88-91d319171a39,e6ec22e9-40fa-4e5f-8942-ee996b652deb,18.7,39.54406077052236,-119.81523847273917,39.5440310357122,-119.81514389738126,false,false,false,8.774360979475581
a7189a3a-0f2f-4564-94c3-497767a003a1,077ee34f-6643-4262-bc29-5cf4af37b06a,e6ec22e9-40fa-4e5f-8942-ee996b652deb,18.7,39.54397647353218,-119.81504281605258,39.5440310357122,-119.81514389738126,false,false,false,10.592143281315991
752b86c5-fcb0-4b74-a16f-8581720ba318,077ee34f-6643-4262-bc29-5cf4af37b06a,81b69410-7d76-4211-b163-c207d22de73a,18.7,39.54397647353218,-119.81504281605258,39.54394176049217,-119.8149262348913,false,false,false,10.736787790374091
b9b5a5ba-64ef-4e99-8380-c2ef77eaa2b8,6ba07c91-03f7-450a-b124-744d4f1bb348,81b69410-7d76-4211-b163-c207d22de73a,38.7,39.543941985644956,-119.8148232297742,39.54394176049217,-119.8149262348913,false,false,false,8.854276033696372
d6a14eff-ea03-4ebb-b01e-511c6aa71883,6ba07c91-03f7-450a-b124-744d4f1bb348,d26de26b-a210-40c8-aa8a-22afea4bd04b,38.1,39.543941985644956,-119.8148232297742,39.54394271242893,-119.81472194597151,false,false,false,8.70665174940927
5e8f59d4-5a13-4086-962a-e002395aac44,851bfe2a-ba19-48a0-b17a-e9d107ada05f,d26de26b-a210-40c8-aa8a-22afea4bd04b,38.1,39.54390849397624,-119.81468126349567,39.54394271242893,-119.81472194597151,false,false,false,5.163591121839752
904098ef-b135-4a6f-8509-4c528763b99a,62e0fe43-9275-487b-a5e0-e54a902aeeb4,c445ab41-533b-4824-9ece-529240606bf9,12.9,39.54448617350932,-119.8167592920349,39.5448257893725,-119.81679593330306,false,false,false,37.83747177424677
534edecb-743b-48a5-878c-70b0198191a1,c445ab41-533b-4824-9ece-529240606bf9,6e1b7412-3fdb-40c0-894c-d50696c1a3c9,2.4,39.5448257893725,-119.81679593330306,39.54469911651966,-119.81665570075255,false,false,false,18.522890486489437
1bfa2e48-7bdf-4b50-9e2e-a4a5a7e80a90,6e1b7412-3fdb-40c0-894c-d50696c1a3c9,07f122a5-04f9-4b43-b63d-05b246520090,2.4,39.54469911651966,-119.81665570075255,39.54465787605508,-119.81655422176885,false,false,false,9.851656050079619
3d4e3c69-717d-41d6-b87e-ca84711ef007,74e4ee64-ff4e-4f9b-8814-16a30c41e3ae,c445ab41-533b-4824-9ece-529240606bf9,6.5,39.54496648983626,-119.81680697168791,39.5448257893725,-119.81679593330306,false,false,false,15.650184894293655
1638aef1-fce2-474a-8ef9-40cfea1ab885,74e4ee64-ff4e-4f9b-8814-16a30c41e3ae,b42e3763-5193-4f32-a1dd-e4d165f42306,23.3,39.54496648983626,-119.81680697168791,39.545039517339035,-119.81679792821704,false,false,false,8.145123842226369
adeac170-f7e6-42d7-9a7e-bdd62fc0b0ec,031e1486-1763-40dd-a1e5-9087687f9b54,b42e3763-5193-4f32-a1dd-e4d165f42306,23.3,39.54510930907053,-119.81676220523457,39.545039517339035,-119.81679792821704,false,false,false,8.334939282313446
d0bb0e15-4257-4457-b675-e31a2cf2177d,031e1486-1763-40dd-a1e5-9087687f9b54,687703cc-29ca-46e3-b50b-72669c1d6563,23.3,39.54510930907053,-119.81676220523457,39.545187423422114,-119.81671085820604,false,false,false,9.731214563474225
8c03b52a-5852-4b41-9120-cd6e7aada6c6,80917132-c9a9-4aa8-a322-05fdfc08589f,687703cc-29ca-46e3-b50b-72669c1d6563,23.3,39.54519247189908,-119.81663604765714,39.545187423422114,-119.81671085820604,false,false,false,6.454924124268925
633fea48-b26f-402b-8361-68fc36965dbd,80917132-c9a9-4aa8-a322-05fdfc08589f,8eaf5440-7e0b-4b98-a462-031ef42f72a4,23.3,39.54519247189908,-119.81663604765714,39.54518016130851,-119.81657528933096,false,false,false,5.398532754356607
b225527a-bfd5-4590-8f41-ce6703da0a41,c1390427-341e-436c-9ef6-deba6fe27629,8eaf5440-7e0b-4b98-a462-031ef42f72a4,38.9,39.54521064177494,-119.8165786746598,39.54518016130851,-119.81657528933096,false,false,false,3.3966093400350084
83ee40b4-7acc-4f95-8aca-5d7952851449,c1390427-341e-436c-9ef6-deba6fe27629,0a80eb49-7bb0-477b-a884-c0099ca1eaac,38.9,39.54521064177494,-119.8165786746598,39.5452760940114,-119.81663928119785,false,false,false,8.941343183295691
0324bc6f-605e-4b21-9211-6b69f884d11f,687703cc-29ca-46e3-b50b-72669c1d6563,0a80eb49-7bb0-477b-a884-c0099ca1eaac,38.9,39.545187423422114,-119.81671085820604,39.5452760940114,-119.81663928119785,false,false,false,11.609183071955748
c0f4cd5e-15c7-4694-a768-b6ff59b865bd,e29d0474-a092-4752-a7c8-e650ae27d5a3,8eaf5440-7e0b-4b98-a462-031ef42f72a4,38.9,39.5451559844256,-119.81653122858314,39.54518016130851,-119.81657528933096,false,false,false,4.642128783242672
1f92149a-8724-40da-8c5f-01f2e14d8ca2,e29d0474-a092-4752-a7c8-e650ae27d5a3,d419718d-4193-4054-9c21-a785126caca6,18.2,39.5451559844256,-119.81653122858314,39.54503645211903,-119.81640844309925,false,false,false,16.956386079534084
208c1d2b-3863-42ae-b2f0-5e3f18908a7d,16f46f79-3608-490b-a32a-10cc5dbf9648,d419718d-4193-4054-9c21-a785126caca6,18.2,39.544939447990515,-119.81631132410227,39.54503645211903,-119.81640844309925,false,false,false,13.626586666183083
051d1cd0-aa76-41b2-84d5-6325b5c612dc,d419718d-4193-4054-9c21-a785126caca6,73c952bf-a970-43d2-aa47-814fcc1af228,18.2,39.54503645211903,-119.81640844309925,39.54505887208296,-119.81637104804199,false,false,false,4.065521343194875
39a69249-f41c-492b-8777-97d57e80dfc2,540ef7eb-8990-45cf-b7a3-efd369443f8f,73c952bf-a970-43d2-aa47-814fcc1af228,18.2,39.545019237564034,-119.81632150734639,39.54505887208296,-119.81637104804199,false,false,false,6.123570419353519
064128b5-5967-49d0-bbc6-b5dfef366173,540ef7eb-8990-45cf-b7a3-efd369443f8f,c553706e-a94e-46dc-996d-10045c82e96e,1.5,39.545019237564034,-119.81632150734639,39.54497892580087,-119.81621114617087,false,false,false,10.489211927621584
0b2a5ca9-42d4-4147-bf82-c806479e5d71,34fa98b9-afc7-4023-b126-c403c654a469,c553706e-a94e-46dc-996d-10045c82e96e,1.5,39.544969123206506,-119.81612099510845,39.54497892580087,-119.81621114617087,false,false,false,7.82525453505818
0b16cd7d-0e2d-4f32-89a7-38d09ef00021,34fa98b9-afc7-4023-b126-c403c654a469,3b7cabc8-e09b-4d66-99b7-db03b845da4d,1.5,39.544969123206506,-119.81612099510845,39.544889383189386,-119.81612979948561,false,false,false,8.8854954748316
9545f2a6-f752-4ff8-beda-124db6efa902,08edae3b-22e8-4d80-9ee2-0b0eb03ab898,3b7cabc8-e09b-4d66-99b7-db03b845da4d,7.9,39.54485632668938,-119.81611176735156,39.544889383189386,-119.81612979948561,false,false,false,3.9840131467908404
94148ff1-83ce-4a5d-8a12-631c69776639,08edae3b-22e8-4d80-9ee2-0b0eb03ab898,2c5a1fb5-9383-45f8-9cba-e406a65228c3,7.9,39.54485632668938,-119.81611176735156,39.54481512187169,-119.81607259024037,false,false,false,5.680623464535451
438315e3-576f-46ea-9329-b92d553a76ff,7a209e3e-c621-494b-bb19-a36a08cd12b8,2c5a1fb5-9383-45f8-9cba-e406a65228c3,7.9,39.54483856474797,-119.81603198813252,39.54481512187169,-119.81607259024037,false,false,false,4.353741267972285
169b4bda-94ff-4d78-9db9-931acfe4c82b,7a209e3e-c621-494b-bb19-a36a08cd12b8,dd3079d7-6b68-43c9-8a7c-aa9f9daf3923,7.9,39.54483856474797,-119.81603198813252,39.54484230563614,-119.81599678558929,false,false,false,3.0543156322807388
eb623adc-839b-4b32-ace8-3aa0410aa809,e1596030-5b1d-411d-abfe-2e6cbe8686f4,dd3079d7-6b68-43c9-8a7c-aa9f9daf3923,7.9,39.544824159889814,-119.81596495535791,39.54484230563614,-119.81599678558929,false,false,false,3.3977742206359443
2753a469-890b-4750-83c7-c5e01751cb9c,e1596030-5b1d-411d-abfe-2e6cbe8686f4,91479916-d10c-449f-bac8-87f1bb0d5a92,7.9,39.544824159889814,-119.81596495535791,39.54496032924614,-119.81575446192674,false,false,false,23.57843017220758
630884f9-0d45-4d98-a12b-422d6be2e8c6,34fa98b9-afc7-4023-b126-c403c654a469,72ee2ce2-e3ee-4a98-848c-83beed88f165,1.5,39.544969123206506,-119.81612099510845,39.54497369015388,-119.81605122744243,false,false,false,6.018483528722614
2f6eff8d-17db-43e0-ad0c-3ab512d1e80f,e3255aeb-3e15-47f5-8cf4-ef88604cd064,72ee2ce2-e3ee-4a98-848c-83beed88f165,31.7,39.54500121733688,-119.81597694982332,39.54497369015388,-119.81605122744243,false,false,false,7.07853039169145
35f567cc-e7ac-4159-a4a0-19db09a603ca,e3255aeb-3e15-47f5-8cf4-ef88604cd064,499e80fc-8ac7-46f6-8ef9-fe0326960abd,31.7,39.54500121733688,-119.81597694982332,39.54516467651787,-119.81571453078251,false,false,false,28.95123772178604
9094da1b-882b-4993-b6a8-24e1f2363efa,91479916-d10c-449f-bac8-87f1bb0d5a92,2eaf412d-e33d-4b4d-9dea-0f397c719458,28.1,39.54496032924614,-119.81575446192674,39.54496569258428,-119.81563949992531,false,false,false,9.899825327472245
702bae7b-688e-49b5-b150-541ba56f7a8e,55c6dcfa-7ba9-4c05-ad3b-620cb0817bb3,2eaf412d-e33d-4b4d-9dea-0f397c719458,28.1,39.54499993380633,-119.81563636529313,39.54496569258428,-119.81563949992531,false,false,false,3.8111991546258466
e75ed0cf-879c-419a-8d8e-5cd6d93b0205,55c6dcfa-7ba9-4c05-ad3b-620cb0817bb3,f8749d75-0a7e-44a8-9a53-b68918003e5d,28.1,39.54499993380633,-119.81563636529313,39.545043568457004,-119.81564136935802,false,false,false,4.8636343526050965
e025584d-bc04-4787-b404-c855f4596b3e,fdd7edfd-b218-42a9-85db-01c8d637cfca,f8749d75-0a7e-44a8-9a53-b68918003e5d,28.1,39.54509624370706,-119.81567960863553,39.545043568457004,-119.81564136935802,false,false,false,6.70872251699614
12f86e98-f1e9-42ed-a0cf-dadb9f920931,fdd7edfd-b218-42a9-85db-01c8d637cfca,499e80fc-8ac7-46f6-8ef9-fe0326960abd,28.1,39.54509624370706,-119.81567960863553,39.54516467651787,-119.81571453078251,false,false,false,8.169318824450265
f0420a01-6d9a-4268-9c42-5b8fdbe91797,2eaf412d-e33d-4b4d-9dea-0f397c719458,45913065-5641-47f6-90c9-28f2d3d97650,28.1,39.54496569258428,-119.81563949992531,39.54495881430591,-119.81561386673525,false,false,false,2.331964373199921
8a7ba4f6-b11f-4d27-b637-15686e1ded18,427c1079-59c0-437d-93ab-5fb16b134585,49785f40-9aa0-4330-a94f-18dc8a81d2a7,38.4,39.54485526656068,-119.81537677507028,39.54479560497645,-119.81531818712433,false,false,false,8.321029858706423
17654168-dc33-483a-b829-959f36c6f2c4,a348a7f4-c2ae-4904-b6bc-7efee44bd397,49785f40-9aa0-4330-a94f-18dc8a81d2a7,38.4,39.54472523411719,-119.81528329707572,39.54479560497645,-119.81531818712433,false,false,false,8.368828972474237
48167fdc-8824-470d-bb7b-a5c34268e01f,90dbf9a6-73b6-4343-bda3-a406d2d3baac,45913065-5641-47f6-90c9-28f2d3d97650,28.1,39.54491010946641,-119.81560783089844,39.54495881430591,-119.81561386673525,false,false,false,5.432331244602736
cddca767-6fba-457f-9e95-42736f0d4b92,90dbf9a6-73b6-4343-bda3-a406d2d3baac,0acb958d-c453-4dee-bd10-7155997d5b1c,28.1,39.54491010946641,-119.81560783089844,39.544875162241794,-119.81557781745218,false,false,false,4.6594674273488215
49e39243-c74e-43f8-885d-9725b575f43a,55721904-4b2f-494a-b56d-ef09ad7b7910,0acb958d-c453-4dee-bd10-7155997d5b1c,28.1,39.5448484134703,-119.81547665047056,39.544875162241794,-119.81557781745218,false,false,false,9.189247755191344
5801eec0-c4dd-4358-9cf0-d3d0afb58130,55721904-4b2f-494a-b56d-ef09ad7b7910,427c1079-59c0-437d-93ab-5fb16b134585,28.1,39.5448484134703,-119.81547665047056,39.54485526656068,-119.81537677507028,false,false,false,8.618751399600534
18582ca9-77de-4ec0-b96a-299a335dc3b6,a348a7f4-c2ae-4904-b6bc-7efee44bd397,b76db931-4c96-4c78-af19-08871beb2f92,21.6,39.54472523411719,-119.81528329707572,39.544436448840045,-119.81527523262712,false,false,false,32.07013631043506
39d0d313-25c0-41a2-bbca-0922a5f1595d,06b0efaf-5796-42d0-8dff-853b2d4cbd83,b76db931-4c96-4c78-af19-08871beb2f92,4.9,39.544222580515566,-119.81526995830347,39.544436448840045,-119.81527523262712,false,false,false,23.749248694593653
d0138fe6-9024-43f6-9add-80f0003cd52b,06b0efaf-5796-42d0-8dff-853b2d4cbd83,87fdbc8d-72cd-4f89-b4b4-4d818eb72425,4.9,39.544222580515566,-119.81526995830347,39.54407561188263,-119.81530616959544,false,false,false,16.611557098572277
792ca2fe-29d9-4b52-b027-835a19e458e9,ce87f657-46d7-41f3-a47c-2535cdee00da,06b0efaf-5796-42d0-8dff-853b2d4cbd83,28.8,39.54423096692627,-119.8149864020559,39.544222580515566,-119.81526995830347,false,false,false,24.391955552214345
2e76e98a-74f3-4b3e-8bee-97cf5dcadca8,2d873825-3869-498a-91a2-bcb9effe03ce,ce87f657-46d7-41f3-a47c-2535cdee00da,60.9,39.54422154729372,-119.81474781570118,39.54423096692627,-119.8149864020559,false,false,false,20.535264289104415
8763c381-15dd-4990-a159-5f4884418a94,45913065-5641-47f6-90c9-28f2d3d97650,803a6fa2-c062-47af-af7f-c1542ea7f77b,28.4,39.54495881430591,-119.81561386673525,39.54498245913046,-119.81559681410043,false,false,false,3.0066942033240394
b2f4463e-b249-456d-8eb2-f2bdd13e1edf,803a6fa2-c062-47af-af7f-c1542ea7f77b,55c6dcfa-7ba9-4c05-ad3b-620cb0817bb3,28.4,39.54498245913046,-119.81559681410043,39.54499993380633,-119.81563636529313,false,false,false,3.914380471748752
c65f93b9-966f-4b4f-8b88-20c7154460ef,803a6fa2-c062-47af-af7f-c1542ea7f77b,5e0cd3d0-6776-48b1-8c28-008e0b93c84b,28.4,39.54498245913046,-119.81559681410043,39.545040146674474,-119.8155516225511,false,false,false,7.490761347207551
f7a02486-386f-49b1-8911-71c4827219d0,4b5360b3-b63b-47e2-be36-809dbbd72342,5e0cd3d0-6776-48b1-8c28-008e0b93c84b,28.4,39.54505956493113,-119.81547724725156,39.545040146674474,-119.8155516225511,false,false,false,6.74687304756517
8aeddd68-eef4-4662-b412-8af9c1bb2184,4b5360b3-b63b-47e2-be36-809dbbd72342,d2d0b590-6253-46bf-96ed-34c9d7f8bae3,28.4,39.54505956493113,-119.81547724725156,39.54504144177011,-119.81537317458915,false,false,false,9.169361337693488
24fb54c9-21f0-4574-8994-9e51cf607ebb,f218b7ab-f644-41aa-9df0-1df217a8a23d,d2d0b590-6253-46bf-96ed-34c9d7f8bae3,53.9,39.545293246013436,-119.81497138155258,39.54504144177011,-119.81537317458915,false,false,false,44.434237209613244
816c555a-402a-40b6-a63a-542e29295869,f218b7ab-f644-41aa-9df0-1df217a8a23d,04d0df04-9110-4f5c-98f0-2721b04dd177,26.0,39.545293246013436,-119.81497138155258,39.545413424753804,-119.81478016699782,false,false,false,21.170430801707713
196eb384-6155-42af-91c3-0f3aa48b8631,5201e97b-1409-4dd7-a25b-da850ce5cb6e,04d0df04-9110-4f5c-98f0-2721b04dd177,12.4,39.54576113444919,-119.81514487811876,39.545413424753804,-119.81478016699782,false,false,false,49.730510368154796
c49c4464-3321-4d5f-8697-eeffef9f1339,5201e97b-1409-4dd7-a25b-da850ce5cb6e,2e531458-06c1-4358-bbf8-ed702ea07714,6.0,39.54576113444919,-119.81514487811876,39.5458228308764,-119.81504729753671,false,false,false,10.829365784649573
6347ef5a-cbd1-4372-80d1-5c335ab70682,1c88fe88-a7f5-4538-80fa-c4072a0b4422,2e531458-06c1-4358-bbf8-ed702ea07714,6.0,39.545592716834086,-119.81467570395179,39.5458228308764,-119.81504729753671,false,false,false,40.90189846990075
7dd185c3-5f69-42a1-827e-cda13116c614,1c88fe88-a7f5-4538-80fa-c4072a0b4422,bb2b89cc-84ed-4e10-8e55-9de7467a29ad,6.0,39.545592716834086,-119.81467570395179,39.54562548701072,-119.81462888860234,false,false,false,5.425035687219593
0660754c-d0ec-4e5b-b55b-fe22f008e635,e2ccfb09-e396-41a1-804a-9c80d9de8ddb,bb2b89cc-84ed-4e10-8e55-9de7467a29ad,6.0,39.545557666576116,-119.81454544030481,39.54562548701072,-119.81462888860234,false,false,false,10.399516411141526
215c0ed6-ac31-4877-b1b0-5f7802752583,e2ccfb09-e396-41a1-804a-9c80d9de8ddb,04d0df04-9110-4f5c-98f0-2721b04dd177,6.0,39.545557666576116,-119.81454544030481,39.545413424753804,-119.81478016699782,false,false,false,25.75960165894227
288b7134-f777-4a23-9d49-40d025b07f0a,c0b12e37-2378-48a8-8153-fa2681ead0fd,2e531458-06c1-4358-bbf8-ed702ea07714,3.4,39.545881135187955,-119.8151218219708,39.5458228308764,-119.81504729753671,false,false,false,9.107078259225945
e9587875-9bca-46e4-90b2-269c2967d2b1,c0b12e37-2378-48a8-8153-fa2681ead0fd,00159302-ff93-432c-b020-30ecaab35283,3.4,39.545881135187955,-119.8151218219708,39.546113196939494,-119.81536049288809,false,false,false,32.934915375399285
2f3789b7-9264-4490-8b62-df69623e2a2e,7fc9aa73-079a-4a15-ac0a-f72c80f307f5,00159302-ff93-432c-b020-30ecaab35283,86.6,39.54580537911144,-119.81587097708008,39.546113196939494,-119.81536049288809,false,false,false,55.61832485647091
d023b971-c6bd-47ab-9784-1c9a067fa6f4,7fc9aa73-079a-4a15-ac0a-f72c80f307f5,37b24801-f8a9-48dc-8b35-156134dbcc2a,4.2,39.54580537911144,-119.81587097708008,39.54561049457908,-119.81618332871815,false,false,false,34.482304924139115
4d368752-7028-42b9-bceb-878b13d4ddab,0c5ec210-8564-467a-ab3d-43975f934fdc,37b24801-f8a9-48dc-8b35-156134dbcc2a,5.7,39.54540207610438,-119.81649389635876,39.54561049457908,-119.81618332871815,false,false,false,35.3285358221517
7dff87f6-9889-470c-9fff-83ac2287d347,0c5ec210-8564-467a-ab3d-43975f934fdc,0a80eb49-7bb0-477b-a884-c0099ca1eaac,22.7,39.54540207610438,-119.81649389635876,39.5452760940114,-119.81663928119785,false,false,false,18.756781980478163
5f48a02f-3dd0-41db-b1c8-7a35492b65bb,e2ccfb09-e396-41a1-804a-9c80d9de8ddb,9adb304f-d232-4abc-94fc-51d48ba8ad14,56.3,39.545557666576116,-119.81454544030481,39.545429971864564,-119.81428557890726,false,false,false,26.456385719259295
d40264ae-31ec-46aa-92e0-1e890d810f96,a6a0475c-a471-42ac-8b14-37ad9df446bd,9adb304f-d232-4abc-94fc-51d48ba8ad14,243.1,39.545257292478446,-119.81388396323436,39.545429971864564,-119.81428557890726,false,false,false,39.488244004283686
367fc75d-9659-44da-9493-926c3cb831de,a6a0475c-a471-42ac-8b14-37ad9df446bd,a9fda9f5-92e6-4fb0-a3e7-61f99d2f00cb,243.1,39.545257292478446,-119.81388396323436,39.545153407347,-119.81375130407116,false,false,false,16.219181987213886
23cf0cd2-6971-40be-8a8f-1aa7179fa18e,0dcc763f-7fa0-45b0-ad99-7e07f85436b8,a9fda9f5-92e6-4fb0-a3e7-61f99d2f00cb,1.2,39.54491098990816,-119.81382036052403,39.545153407347,-119.81375130407116,false,false,false,27.561421602872766
cec5c05b-38ec-4ad2-8cff-17f7fdb45729,0dcc763f-7fa0-45b0-ad99-7e07f85436b8,48d68d48-00a6-44a7-ba73-3fd38100359e,2.5,39.54491098990816,-119.81382036052403,39.54467790546191,-119.81385779503152,false,false,false,26.07769836269935
f48370c5-3a21-4cb2-8097-7b47e22b323d,e729668d-82b4-47f9-8972-773be975041a,48d68d48-00a6-44a7-ba73-3fd38100359e,2.5,39.54429007144897,-119.81388522087887,39.54467790546191,-119.81385779503152,false,false,false,43.124104386632595
66c75408-f1ac-454e-ad20-9da99a5beb7b,e729668d-82b4-47f9-8972-773be975041a,01ba99fb-0242-42bd-a988-8b85df74ab9a,3.3,39.54429007144897,-119.81388522087887,39.543905668962864,-119.8139005189702,false,false,false,42.69888022481384
12a036dd-e3f9-47cd-a577-e805cf20b934,01ba99fb-0242-42bd-a988-8b85df74ab9a,a20ea6a3-e8e9-482a-9e00-b40d952d9df6,21.7,39.543905668962864,-119.8139005189702,39.54388338094256,-119.81432711530998,false,false,false,36.753317049710176
43ac2587-7d01-425f-a632-c5b901b6f04a,a20ea6a3-e8e9-482a-9e00-b40d952d9df6,851bfe2a-ba19-48a0-b17a-e9d107ada05f,20.1,39.54388338094256,-119.81432711530998,39.54390849397624,-119.81468126349567,false,false,false,30.569744161536665
4bd3ea77-8e2d-4df4-98bd-e08a91010702,2d873825-3869-498a-91a2-bcb9effe03ce,d26de26b-a210-40c8-aa8a-22afea4bd04b,47.4,39.54422154729372,-119.81474781570118,39.54394271242893,-119.81472194597151,false,false,false,31.03765138909459
c0aebcfe-fe0f-47e0-af07-04aa5b84cf5c,4fbab2cd-5460-451e-9ee9-b174944048b6,7cc0ce4b-c81f-4f3c-9c6d-f1395355168f,10.0,39.54117571636157,-119.81515519356465,39.54363968463671,-119.81622587864128,false,false,false,288.6316383016928
30a70364-e52f-4250-bb90-e5910c6ecc89,00159302-ff93-432c-b020-30ecaab35283,d235e877-7221-40d5-bbe9-223587d32a67,15.4,39.546113196939494,-119.81536049288809,39.546220682737435,-119.81544783099734,false,false,false,14.098675263683006
ab5fd025-cde9-4f1a-8714-0d4e92fab4de,d235e877-7221-40d5-bbe9-223587d32a67,618b86c5-0245-40b6-b1a6-fc66b5c861dc,15.4,39.546220682737435,-119.81544783099734,39.54633990710451,-119.81526904430874,false,false,false,20.28272394613015
0f2bae5e-292f-450d-87ef-b3c2003304ca,618b86c5-0245-40b6-b1a6-fc66b5c861dc,dc47b84a-1a12-4235-98dc-1b1557cda66e,15.4,39.54633990710451,-119.81526904430874,39.54650855703076,-119.81545324782151,false,false,false,24.521519239533177
63cc4cf9-925a-40a7-9d09-aed27fcec674,618b86c5-0245-40b6-b1a6-fc66b5c861dc,e370e923-4397-42a5-b60b-61068bef6ee2,15.4,39.54633990710451,-119.81526904430874,39.54663206052809,-119.81560421179994,false,false,false,43.3835396629607
0e3275fe-e77e-4dde-96b5-dcd13af28484,ed8b4147-a7f1-4a85-82e5-f9c2270ada54,e370e923-4397-42a5-b60b-61068bef6ee2,16.3,39.546592932114976,-119.81567826899638,39.54663206052809,-119.81560421179994,false,false,false,7.706765989808275
e102252b-4155-4ce2-bbb6-b9465339cdae,3a15c61a-23fc-4c0d-b624-992f1ec7b5e1,ed8b4147-a7f1-4a85-82e5-f9c2270ada54,30.8,39.54685213930143,-119.8159956113509,39.546592932114976,-119.81567826899638,false,false,false,39.65188746221277
3dfb2dff-68e3-440a-acc1-d61085d0b7f8,3a15c61a-23fc-4c0d-b624-992f1ec7b5e1,de7fd5f0-afa2-4e67-b26f-ef44cea08a2e,30.8,39.54685213930143,-119.8159956113509,39.54713134318792,-119.81631090956864,false,false,false,41.17556613034884
b63722e4-f919-445d-8cc5-c601b1fe78a3,b2e68178-2818-490f-8b61-68d39f98b6fe,de7fd5f0-afa2-4e67-b26f-ef44cea08a2e,6.7,39.5473345562695,-119.81653473935899,39.54713134318792,-119.81631090956864,false,false,false,29.65117489815333
1afa70e8-802e-4790-be42-26882eed4a63,b2e68178-2818-490f-8b61-68d39f98b6fe,ef3f1306-72cd-49db-82a3-07362c224e29,8.4,39.5473345562695,-119.81653473935899,39.54754620071091,-119.81676909365699,false,false,false,30.950509488059556
=======
e1f210e7-5e56-48c1-93ba-5aa9412bfbeb,02f41ac7-7eae-4811-b13a-6ff69fb0add9,990e5a0a-650f-4d93-b56f-3cc5234c3c96,1.0,39.539237812807585,-119.81413608884257,39.539029158868004,-119.8140627396492,false,false,false,24.00877154464021
66665632-232b-4fc1-827e-7ea6e81e98f4,5d1728f9-f559-4a91-b7e8-20e11f17acdc,990e5a0a-650f-4d93-b56f-3cc5234c3c96,2.4,39.53892198560977,-119.81403384259357,39.539029158868004,-119.8140627396492,false,false,false,12.155536554013889
8de0e94a-e83d-44ba-9f10-f0fcd99315ba,5d1728f9-f559-4a91-b7e8-20e11f17acdc,9e6a4c1f-6f4d-42bd-9e07-7f6898af4cbb,2.4,39.53892198560977,-119.81403384259357,39.53881188143998,-119.81400029821955,false,false,false,12.559915879084693
85359409-f5c5-4426-a188-0bc38c9b5d56,9e6a4c1f-6f4d-42bd-9e07-7f6898af4cbb,f7e8e7e2-9f11-47be-b228-f3237bb548f2,2.4,39.53881188143998,-119.81400029821955,39.53846678737496,-119.81389530200265,false,false,false,39.36316318207492
e3b1276d-c34f-436e-b20c-a8617a3dee3c,f7e8e7e2-9f11-47be-b228-f3237bb548f2,ffd48d51-085a-4bce-9c6d-ace85b5aede3,24.5,39.53846678737496,-119.81389530200265,39.53850539438005,-119.8136925682355,false,false,false,17.947569893613778
521973ca-2b14-4953-b81e-442615c56947,f7e8e7e2-9f11-47be-b228-f3237bb548f2,0b965ce3-1382-442d-88e5-e94d39688b69,3.0,39.53846678737496,-119.81389530200265,39.53828264762992,-119.81383784947366,false,false,false,21.032382272168533
e7ec6253-97d2-4242-91ae-8384fd0ed0c3,4ce4d2f1-b826-40da-a969-1367a44aeb4e,0b965ce3-1382-442d-88e5-e94d39688b69,2.4,39.538133103307885,-119.8137888319978,39.53828264762992,-119.81383784947366,false,false,false,17.12965973500602
8902c363-0445-48a0-97db-f7b1dc6c343f,356be638-cc28-4317-b5ef-0a3d64a3a07f,4ce4d2f1-b826-40da-a969-1367a44aeb4e,2.4,39.5378574089024,-119.81370667849683,39.538133103307885,-119.8137888319978,false,false,false,31.41337850408494
7cdaab68-45eb-4e9c-bb61-5c3201a65c20,356be638-cc28-4317-b5ef-0a3d64a3a07f,42f32960-4924-41ee-9521-eddc477251ea,12.0,39.5378574089024,-119.81370667849683,39.53783328901671,-119.81383953451406,false,false,false,11.730947136579474
aa585657-39ae-4ecc-b7d7-30cac2d264b5,fe8c0022-ea12-4e15-800d-ae3634c88391,356be638-cc28-4317-b5ef-0a3d64a3a07f,2.4,39.53782853254754,-119.81368440632353,39.5378574089024,-119.81370667849683,false,false,false,3.7342345949014772
6e8a3954-b2d8-4db3-bea9-228968f21a28,fe8c0022-ea12-4e15-800d-ae3634c88391,c6bf0fe3-5b57-4da6-9d06-801025c4473e,13.5,39.53782853254754,-119.81368440632353,39.537732135867316,-119.81368013261643,false,false,false,10.708819145227539
455c91e0-8b97-4f3e-93ea-736fe44be1a1,c6bf0fe3-5b57-4da6-9d06-801025c4473e,028c9459-f2e0-45dc-b5f6-6082dd55e924,11.0,39.537732135867316,-119.81368013261643,39.537659696108605,-119.81367675701328,false,false,false,8.047912882861663
6915155c-a17b-4144-82ca-8dd3a756ebf0,88dc234b-408a-444a-9d60-f42681e49d52,c3aedc72-8276-4eab-8b79-73f504053f88,9.3,39.53782916023095,-119.81339624995742,39.53780702113104,-119.81344708189508,false,false,false,5.013728887869094
8e1344af-129f-42ea-bbfe-6d8c68150a54,c3aedc72-8276-4eab-8b79-73f504053f88,172edceb-8dcf-4fb8-97dd-d9d0e7b86aec,9.3,39.53780702113104,-119.81344708189508,39.53779682025169,-119.81346047840917,false,false,false,1.615237757039051
f958338e-172f-43c5-a344-7cf497c89303,150028ed-3e8a-4490-af98-4827b321d929,172edceb-8dcf-4fb8-97dd-d9d0e7b86aec,9.3,39.53779058650446,-119.813467148099,39.53779682025169,-119.81346047840917,false,false,false,0.8987570882682038
4c03013e-1cc7-4531-ac1b-aae957b0f462,150028ed-3e8a-4490-af98-4827b321d929,2385e943-e92b-45eb-bf74-a65bafbde5ed,9.3,39.53779058650446,-119.813467148099,39.53778245105694,-119.81346933118516,false,false,false,0.9225351405940881
7de5fd95-ff1a-4609-8371-08f9451b2d75,d2ceee56-58ce-432a-8e41-9dbbcbf7fdd1,2385e943-e92b-45eb-bf74-a65bafbde5ed,9.3,39.537763855837206,-119.81346816856707,39.53778245105694,-119.81346933118516,false,false,false,2.0669662847478034
fd9848cc-c974-40a8-b007-75ab1647f965,58a8237b-4723-4adb-9860-f4d7828cbedb,d2ceee56-58ce-432a-8e41-9dbbcbf7fdd1,9.3,39.537741121229956,-119.81346706186349,39.537763855837206,-119.81346816856707,false,false,false,2.525919479911394
fa9163c1-ba70-402f-bd1a-b27a0bb6cb59,58a8237b-4723-4adb-9860-f4d7828cbedb,0f8eaa7f-ed7f-4145-bf71-a5751aaf63cc,9.3,39.537741121229956,-119.81346706186349,39.537717742317334,-119.81346599498664,false,false,false,2.5972814502111645
92f17898-973e-49e2-8a83-4201f5463808,0f8eaa7f-ed7f-4145-bf71-a5751aaf63cc,afe62d66-215a-40e4-b00e-db3cba9c0347,4.0,39.537717742317334,-119.81346599498664,39.53768994525014,-119.81346268918999,false,false,false,3.0992475015695207
af6f8816-138e-4aa2-bc19-c052bdc593f8,afe62d66-215a-40e4-b00e-db3cba9c0347,f6569f79-2aad-49e9-bd8d-d1fccbc71a0a,4.0,39.53768994525014,-119.81346268918999,39.53766440201186,-119.81346004484679,false,false,false,2.8450538855477348
ca4775c8-46af-485c-8943-cc648057d6f5,f6569f79-2aad-49e9-bd8d-d1fccbc71a0a,f9e64635-db74-4222-8af6-b4cb8e57aeee,4.0,39.53766440201186,-119.81346004484679,39.537640463830485,-119.81345673734603,false,false,false,2.6729210378567467
3ae123d6-560b-4d83-a7a3-a4c55437f3c3,f9e64635-db74-4222-8af6-b4cb8e57aeee,e8a8b285-053a-4640-8beb-fb1850f2a435,4.0,39.537640463830485,-119.81345673734603,39.53757222192646,-119.81344799829212,false,false,false,7.6137645883733285
19ba6cfc-56c5-497f-b746-add136f90ca6,e8a8b285-053a-4640-8beb-fb1850f2a435,6bb2bf5f-a356-4b2e-89ee-850edbe038d1,4.0,39.53757222192646,-119.81344799829212,39.537529359319436,-119.813443669944,false,false,false,4.773378315662707
c496ea97-7ae1-4737-ba49-6a9e726a79c5,6bb2bf5f-a356-4b2e-89ee-850edbe038d1,d2faeffb-4160-45bb-8421-f7ba16beabce,13.0,39.537529359319436,-119.813443669944,39.53749547479687,-119.81343871264174,false,false,false,3.7861156606635173
1d47c11a-b99a-4daf-9af1-730a0c0d69b1,df6c6ef4-6169-437b-905b-4d7603a84c4b,d2faeffb-4160-45bb-8421-f7ba16beabce,20.8,39.53739325489162,-119.81340489241414,39.53749547479687,-119.81343871264174,false,false,false,11.715541939928544
c57fe0d9-1609-4d39-a784-8dfc63c771d1,028c9459-f2e0-45dc-b5f6-6082dd55e924,1eff13a6-04b2-4e1c-b9f7-becd48417c71,11.0,39.537659696108605,-119.81367675701328,39.537615963090296,-119.813690042042,false,false,false,4.987997797259511
a42985b1-89ed-4e83-896b-f656de026d64,ce1fe958-4258-4d69-85e6-8beaf5a007f8,1eff13a6-04b2-4e1c-b9f7-becd48417c71,11.0,39.53757324384606,-119.81367132597225,39.537615963090296,-119.813690042042,false,false,false,5.008414646199673
20552127-3f13-401f-8667-6e3e7ce0cf8a,ce1fe958-4258-4d69-85e6-8beaf5a007f8,26bd7273-484d-4f91-8292-23036f52910f,11.0,39.53757324384606,-119.81367132597225,39.537535205776294,-119.81366083684489,false,false,false,4.318397596685758
fead1a44-6a9e-44ab-9223-30d269072801,2623924b-9f03-4cea-af03-f185114afa10,26bd7273-484d-4f91-8292-23036f52910f,11.0,39.53751730970512,-119.81366441470477,39.537535205776294,-119.81366083684489,false,false,false,2.0105905095530434
e0dc5b9d-afbd-4510-b11d-0f26fd51a9f8,c0c22a0f-c28c-4288-aa00-176160a013e9,df6c6ef4-6169-437b-905b-4d7603a84c4b,20.8,39.537222426407666,-119.81335200002653,39.53739325489162,-119.81340489241414,false,false,false,19.50380142171633
8d58e9af-8f2a-466c-897c-9bfa0fc15000,c0c22a0f-c28c-4288-aa00-176160a013e9,2c8e0436-0611-4943-b9eb-2548773b074c,15.0,39.537222426407666,-119.81335200002653,39.53724307172614,-119.81321840875512,false,false,false,11.711018235791336
15808d05-de5c-4580-83be-83186e39bd59,e98bc2d2-ba39-4deb-80de-7af80ce17e48,2c8e0436-0611-4943-b9eb-2548773b074c,15.0,39.53720517513192,-119.81320379968722,39.53724307172614,-119.81321840875512,false,false,false,4.390938033340666
7384899f-4d81-4bd5-bebd-ce898df01147,e98bc2d2-ba39-4deb-80de-7af80ce17e48,164275af-d7e9-4f31-92f8-5598584ae6eb,8.9,39.53720517513192,-119.81320379968722,39.537217092979745,-119.81312353232596,false,false,false,7.026106320201771
fb079d9b-ad81-474a-98a6-5c76945b44b7,e2973868-7d61-4614-9f8f-58fe1fca13bf,164275af-d7e9-4f31-92f8-5598584ae6eb,8.9,39.5372548574671,-119.81291710273959,39.537217092979745,-119.81312353232596,false,false,false,18.234822041943417
5be4b953-4e03-4cec-995c-ce2a184f542c,0957e7e5-7b41-48b7-938b-a7344aaa3c82,e2973868-7d61-4614-9f8f-58fe1fca13bf,38.0,39.53731721739792,-119.81293006387422,39.5372548574671,-119.81291710273959,false,false,false,7.012643670720462
6d318082-f550-4a53-92fd-a9fa5d31706c,e2973868-7d61-4614-9f8f-58fe1fca13bf,03c6cc7b-c235-46b8-971b-86d06112e375,8.9,39.5372548574671,-119.81291710273959,39.537276519619304,-119.81290074253234,false,false,false,2.7861061171241563
210c17bd-b124-41dd-96ed-3c9066843ad1,04964b2d-3280-481d-84a5-429b841b4c59,03c6cc7b-c235-46b8-971b-86d06112e375,8.9,39.53729780924958,-119.8127977835429,39.537276519619304,-119.81290074253234,false,false,false,9.161299341895244
64ebaf97-90aa-419a-bb47-6861580e1d33,04964b2d-3280-481d-84a5-429b841b4c59,96a58cf5-2661-4c83-b9fd-0a334523797c,8.9,39.53729780924958,-119.8127977835429,39.537303758947246,-119.81277354559768,false,false,false,2.185874765952267
3638cd05-bdce-4b4e-a3e3-e936af4084c2,06ea3385-7291-4aca-a23d-d0bb8c256a05,96a58cf5-2661-4c83-b9fd-0a334523797c,8.9,39.53730136036898,-119.8127331492805,39.537303758947246,-119.81277354559768,false,false,false,3.4829628530307737
7ce6e380-23e4-4ec4-9dc2-b2a984472d79,06ea3385-7291-4aca-a23d-d0bb8c256a05,9b786790-d44e-418c-9f52-97898ca96e5e,8.9,39.53730136036898,-119.8127331492805,39.53728898601548,-119.81269113948372,false,false,false,3.8639708700111153
f7d557e7-a5d7-45fb-80ee-911784d51343,d4347bc1-e11c-4838-a2f5-54b8986252a4,9b786790-d44e-418c-9f52-97898ca96e5e,8.9,39.53730207162561,-119.81263256178399,39.53728898601548,-119.81269113948372,false,false,false,5.241160815682599
a928cf33-b135-4fac-be7c-6c84a335d790,d4347bc1-e11c-4838-a2f5-54b8986252a4,e95f2afa-7ad9-4aa2-a400-3d370c7894a6,8.9,39.53730207162561,-119.81263256178399,39.537308269928666,-119.81257665284636,false,false,false,4.855363209549713
3586a28c-f0f2-40af-87d6-8d2d4a3da6e9,e95f2afa-7ad9-4aa2-a400-3d370c7894a6,dfa908a6-fae7-4962-b9f9-90b2bbd7b4b6,22.5,39.537308269928666,-119.81257665284636,39.537428177918365,-119.81259088591815,false,false,false,13.368985740977903
70725c68-bd85-44a3-a9d0-e31b2737c07a,3c6dd351-3178-40f1-9158-86ec6d63739b,dfa908a6-fae7-4962-b9f9-90b2bbd7b4b6,22.5,39.53747731116629,-119.81261030651699,39.537428177918365,-119.81259088591815,false,false,false,5.7048211624714735
da8349e1-1e2d-4f9b-8a57-22fe11179c5b,3c6dd351-3178-40f1-9158-86ec6d63739b,6ce9f3a4-a83f-4eca-ab83-22f83c498923,22.5,39.53747731116629,-119.81261030651699,39.5375453889813,-119.8126623520635,false,false,false,8.78338277953944
f548ed0d-ac28-40eb-8154-83e8b4862da9,4dcef1b3-3188-49fa-bc92-c7a86cdaa1ea,6ce9f3a4-a83f-4eca-ab83-22f83c498923,12.6,39.53758262107456,-119.81258219678831,39.5375453889813,-119.8126623520635,false,false,false,8.035522844089897
c59482d9-b3f7-475a-a55f-ade8cd355665,827c2895-626f-4588-8f05-4e6de6f7f089,6ce9f3a4-a83f-4eca-ab83-22f83c498923,22.5,39.53756183014755,-119.81267404793998,39.5375453889813,-119.8126623520635,false,false,false,2.0839872140942037
6ce983fe-272b-4b5d-867a-89cab6d6c3fe,d58847e5-e65a-4953-9b94-8526309955c9,827c2895-626f-4588-8f05-4e6de6f7f089,12.5,39.53760344912335,-119.81258989231011,39.53756183014755,-119.81267404793998,false,false,false,8.584359359089651
32b38439-23bb-4e40-aed8-028358ba9e27,1cf4bc86-3cd4-494c-98e4-0bb36037704d,72322dc4-c21d-4b0b-a9c0-a47217f2439e,12.6,39.537766136457506,-119.81224660833466,39.53766683389044,-119.81246048459424,false,false,false,21.438496480181406
e717f852-8417-47ba-bb01-5fbe1e9e34c1,1cf4bc86-3cd4-494c-98e4-0bb36037704d,a56976f9-0ba0-45a0-8fdc-4794bea304bb,10.8,39.537766136457506,-119.81224660833466,39.53777607459054,-119.81220593295656,false,false,false,3.6666899010218716
cd62e192-25bf-4421-93d3-a90b484811de,4dcef1b3-3188-49fa-bc92-c7a86cdaa1ea,3d7eeef9-723c-4934-8a60-418397c661da,12.6,39.53758262107456,-119.81258219678831,39.5375730622315,-119.81252332636589,false,false,false,5.1709966552013125
d2c6023d-8263-4cdf-8e35-b793dba8e7ea,3d7eeef9-723c-4934-8a60-418397c661da,a34be2a9-3915-430c-9913-b642aa762f62,12.6,39.5375730622315,-119.81252332636589,39.537449579771376,-119.81241923939868,false,false,false,16.371457008021014
df24e361-e9af-4748-b94a-cd418617a587,cda968dc-e0ff-4316-9231-21230d35bf6a,a34be2a9-3915-430c-9913-b642aa762f62,12.6,39.537455688895264,-119.81240968246308,39.537449579771376,-119.81241923939868,false,false,false,1.0653845109516733
b9afa906-e6d9-4b39-a681-af7ea4646888,01648e36-28c8-4fcb-970c-7aad16199c27,cda968dc-e0ff-4316-9231-21230d35bf6a,12.6,39.537625322445024,-119.81254269743226,39.537455688895264,-119.81240968246308,false,false,false,22.033277013413574
b6a9d0af-1e99-49fd-9512-e751ff59a4fd,d58847e5-e65a-4953-9b94-8526309955c9,01648e36-28c8-4fcb-970c-7aad16199c27,12.6,39.53760344912335,-119.81258989231011,39.537625322445024,-119.81254269743226,false,false,false,4.7284802866611555
2527ee80-5e49-44cb-b857-cdb845cdcb6b,01648e36-28c8-4fcb-970c-7aad16199c27,72322dc4-c21d-4b0b-a9c0-a47217f2439e,12.6,39.537625322445024,-119.81254269743226,39.53766683389044,-119.81246048459424,false,false,false,8.437549765575444
6439b175-7356-47cd-b4d6-85eee910174f,4192b240-bfe3-4d20-a87b-7e1ad5945b10,cda968dc-e0ff-4316-9231-21230d35bf6a,12.6,39.53746502859564,-119.81240354188759,39.537455688895264,-119.81240968246308,false,false,false,1.1635821865248024
72f723cc-90de-4585-b0d1-3093783742b9,4192b240-bfe3-4d20-a87b-7e1ad5945b10,94d4d7ea-5a63-4dd8-baf8-319e618b6fc3,12.6,39.53746502859564,-119.81240354188759,39.5374537773602,-119.81239142259803,false,false,false,1.6266254198499748
be4c541f-05a7-40d2-850a-8f51c5de316e,94d4d7ea-5a63-4dd8-baf8-319e618b6fc3,a93cf9e5-efa8-4f22-b111-00da0aaa41cd,12.6,39.5374537773602,-119.81239142259803,39.53744607281372,-119.81239117389467,false,false,false,0.8556702581980911
3ffe220e-9183-4163-9073-314e8d62003a,a93cf9e5-efa8-4f22-b111-00da0aaa41cd,f38ec7a2-cc78-4f76-a745-4de44203446b,12.6,39.53744607281372,-119.81239117389467,39.5374012765669,-119.81244281767431,false,false,false,6.666842244864894
8ac111e4-3f88-40bf-aa9a-af885b15e477,65e466c4-c95d-42ec-a62a-d626c9da40f2,f38ec7a2-cc78-4f76-a745-4de44203446b,12.6,39.53739126909945,-119.81246204536939,39.5374012765669,-119.81244281767431,false,false,false,1.9916745906286426
2903493b-3539-4635-a5a6-b5a15b273500,ac1609ea-affb-499e-80aa-c52b987a2350,65e466c4-c95d-42ec-a62a-d626c9da40f2,12.6,39.537386374449326,-119.81249093507819,39.53739126909945,-119.81246204536939,false,false,false,2.5423300595767433
5c3220b7-1eb1-4455-b054-d8ddcfdc416d,e95f2afa-7ad9-4aa2-a400-3d370c7894a6,ac1609ea-affb-499e-80aa-c52b987a2350,22.5,39.537308269928666,-119.81257665284636,39.537386374449326,-119.81249093507819,false,false,false,11.379719711926082
14d3132b-c730-4d8f-b447-cb8a3e756c84,dfa908a6-fae7-4962-b9f9-90b2bbd7b4b6,ac1609ea-affb-499e-80aa-c52b987a2350,22.5,39.537428177918365,-119.81259088591815,39.537386374449326,-119.81249093507819,false,false,false,9.7658804725868
5900d1aa-847c-42fd-861f-528ed1c56953,827c2895-626f-4588-8f05-4e6de6f7f089,d024a56f-1490-4967-a815-7ffb14003988,0.5,39.53756183014755,-119.81267404793998,39.53760137517552,-119.81271425271476,false,false,false,5.587714870825437
34c6f948-7877-4017-8a68-8d25447cd79d,d024a56f-1490-4967-a815-7ffb14003988,d49514ac-bbae-4669-be55-724c19f9d173,0.5,39.53760137517552,-119.81271425271476,39.537630935866844,-119.81275138549574,false,false,false,4.578386392745102
c10795ac-2e17-439d-b2d5-322e801ad4be,d49514ac-bbae-4669-be55-724c19f9d173,5baed353-a6c9-4347-9228-2c3e3c35e992,0.5,39.537630935866844,-119.81275138549574,39.53766189904215,-119.81281241759419,false,false,false,6.272654736246729
dbf1ad01-38dd-482d-ae19-37056580182f,36efd095-91c9-4a52-b248-fe2f9f9d4a5c,5baed353-a6c9-4347-9228-2c3e3c35e992,0.5,39.53769652424069,-119.81285560833258,39.53766189904215,-119.81281241759419,false,false,false,5.344600249791193
605c58ef-edaf-4491-9f33-9839c705f256,d7542711-13e6-4deb-b4c2-f5561c7ae54b,36efd095-91c9-4a52-b248-fe2f9f9d4a5c,0.5,39.53777642470684,-119.81292700206642,39.53769652424069,-119.81285560833258,false,false,false,10.787200380356957
bfc918fb-8173-4f41-b55e-dd0d07f338c8,67cbdbfb-1075-431f-ba9a-f3d84b8e8019,d7542711-13e6-4deb-b4c2-f5561c7ae54b,8.6,39.53787134915772,-119.81300706528869,39.53777642470684,-119.81292700206642,false,false,false,12.587470116222496
14477f15-b8d3-4b86-a84b-c003f2da7320,67cbdbfb-1075-431f-ba9a-f3d84b8e8019,fe508e40-7cb1-4e7d-a82d-716ce68fb828,8.6,39.53787134915772,-119.81300706528869,39.53792972370615,-119.81307134426757,false,false,false,8.517007128061795
55156450-0ad6-4b62-80c5-eb8f4775c17d,d3a40c56-5c57-4611-b6bd-d9664c1cb1ce,fe508e40-7cb1-4e7d-a82d-716ce68fb828,25.4,39.53800184941949,-119.81318341758427,39.53792972370615,-119.81307134426757,false,false,false,12.527963014696232
89bb3b33-cb90-4a06-88eb-a37995830c7d,d3a40c56-5c57-4611-b6bd-d9664c1cb1ce,b82eca8d-1d75-48f1-b573-cea2d4c53f1c,25.4,39.53800184941949,-119.81318341758427,39.53803971798332,-119.81321845762771,false,false,false,5.17210232775322
0eeb469f-442c-4cb4-86b9-651e0cb02d49,b82eca8d-1d75-48f1-b573-cea2d4c53f1c,6230e6f9-e8de-4f73-9e1c-84a988d75509,25.4,39.53803971798332,-119.81321845762771,39.53806643744506,-119.81323605462988,false,false,false,3.3299898194857587
74724830-bc7d-4c9a-9cfc-6b9fe8ae4ffa,6230e6f9-e8de-4f73-9e1c-84a988d75509,8531f94e-561f-4e25-8eec-986302cad74f,29.6,39.53806643744506,-119.81323605462988,39.53811392435899,-119.81325159057916,false,false,false,5.438804236449374
dfce1c08-a960-4667-b938-9c326653936d,8531f94e-561f-4e25-8eec-986302cad74f,73045a58-205b-4618-94bd-5ecebbab8ddf,29.6,39.53811392435899,-119.81325159057916,39.538382741819646,-119.81332678669118,false,false,false,30.537703459634884
055809d4-6ed3-4341-a79d-81c2bd4d4a33,dca1e065-bc55-47be-9469-7382479190d8,2356b5f1-2146-4286-911f-0ea2b70798a4,9.0,39.537893580407946,-119.81275758215592,39.537855112972466,-119.81284235654408,false,false,false,8.447015002913338
b28c51bf-8d8a-4fed-a6a0-3c4ad29284f6,dca1e065-bc55-47be-9469-7382479190d8,36a48781-46f6-44f1-bf7c-841691af7946,9.0,39.537893580407946,-119.81275758215592,39.53789971070036,-119.81274089631161,false,false,false,1.5877104202514176
c18b68ab-c111-45cf-a03c-e8b52fb4a54e,60ea12e1-1b16-4f66-9585-bc1facb1d73e,36a48781-46f6-44f1-bf7c-841691af7946,9.0,39.537866945453814,-119.8127109700041,39.53789971070036,-119.81274089631161,false,false,false,4.455569767321865
b69a786f-0e51-4cec-a815-efd47b805018,09ce3136-2ff6-497b-ad7d-cf00435e6c25,60ea12e1-1b16-4f66-9585-bc1facb1d73e,24.1,39.53791876734479,-119.81259452620795,39.537866945453814,-119.8127109700041,false,false,false,11.545968204479054
cee00c9a-f9aa-46a9-b581-cb16cbc2e80f,09ce3136-2ff6-497b-ad7d-cf00435e6c25,551f2f49-eb7f-4e5e-8dd3-87c2a2bdab6e,29.3,39.53791876734479,-119.81259452620795,39.53797028324847,-119.81263696622474,false,false,false,6.784154143560625
1014d0a2-acfa-416f-8659-aaf58f879436,09ce3136-2ff6-497b-ad7d-cf00435e6c25,aeeacdf8-9d30-4423-9a7b-b3dd5c1ca729,24.1,39.53791876734479,-119.81259452620795,39.5379277612448,-119.812574496814,false,false,false,1.9904555622859605
50038788-9b1c-46c0-bdd6-adc0ce7f14bc,aeeacdf8-9d30-4423-9a7b-b3dd5c1ca729,c5d634b5-b77c-41a2-b9fc-67e90a2f5353,29.3,39.5379277612448,-119.812574496814,39.53795875249499,-119.81259831216812,false,false,false,4.003852578938723
8701bf16-dd79-4c28-a324-6f87a8837f56,c5d634b5-b77c-41a2-b9fc-67e90a2f5353,f6670586-ff84-4650-871f-0e2bc10352e7,29.3,39.53795875249499,-119.81259831216812,39.53798456199414,-119.81260262106991,false,false,false,2.8893620024942006
4f5b5879-9c3c-4a2f-8c4e-d1f54c4d8080,f6670586-ff84-4650-871f-0e2bc10352e7,adee1324-1076-4151-a6b0-ab09a50f1f0d,23.5,39.53798456199414,-119.81260262106991,39.538189134441666,-119.81276979834496,false,false,false,26.877794956501166
40cface8-79ec-48dc-89bc-ee28d10afc03,c97e999f-091e-451b-be8a-fc496c29ae6a,861275a0-0574-43bb-a49c-5bb3dd931c43,8.1,39.53843807061398,-119.81272576098367,39.53844953398664,-119.81276539449931,false,false,false,3.637088502734109
a7ad056f-1594-460a-9f0e-b21e426fbfa1,861275a0-0574-43bb-a49c-5bb3dd931c43,4e6b7b48-3f65-4d1b-a46e-943d1721d49b,3.7,39.53844953398664,-119.81276539449931,39.538456502877864,-119.81277645974102,false,false,false,1.2261699922742633
dede390c-74d6-41f4-881f-3dbf9db6dc21,4e6b7b48-3f65-4d1b-a46e-943d1721d49b,9f0a3a14-f636-4541-9095-b5d3495ea507,3.7,39.538456502877864,-119.81277645974102,39.53846780769189,-119.81278781300458,false,false,false,1.5899366227439602
e3e35d77-6da5-43e8-bae2-63c0d254183c,9f0a3a14-f636-4541-9095-b5d3495ea507,7ba25a4d-6e01-4a81-991f-e7d71710d1c2,3.7,39.53846780769189,-119.81278781300458,39.53849013300471,-119.81280843445045,false,false,false,3.0473753832733563
f1209f0e-0f86-4936-a219-428d5676cc4b,7ba25a4d-6e01-4a81-991f-e7d71710d1c2,2323dd3e-7e26-4767-8169-82255ca4b1c0,3.7,39.53849013300471,-119.81280843445045,39.53850672654869,-119.81282506019566,false,false,false,2.3317075122778284
1efcce96-3184-4342-9769-5eddb964d5cf,af7d736f-56c8-4c68-8563-c4db17beecca,2323dd3e-7e26-4767-8169-82255ca4b1c0,3.7,39.53850179797304,-119.81283155768831,39.53850672654869,-119.81282506019566,false,false,false,0.7819315141180203
556c7955-d18f-412a-a4ed-5defce6f2c97,59c139e8-f4bd-4535-920d-acaaed73ef02,2323dd3e-7e26-4767-8169-82255ca4b1c0,3.7,39.538648580016925,-119.812693204125,39.53850672654869,-119.81282506019566,false,false,false,19.40433630253909
28275986-7a77-44b0-9edd-9709fef39201,48ab1b97-0a4b-4ba3-80ed-9aa32988d75b,af7d736f-56c8-4c68-8563-c4db17beecca,3.7,39.538474107843584,-119.81287049238509,39.53850179797304,-119.81283155768831,false,false,false,4.544692864881839
3905b61d-a761-4088-a548-e1b1d99c4d19,cf3a85d0-e922-4112-8e3e-f2e794fd3e62,48ab1b97-0a4b-4ba3-80ed-9aa32988d75b,14.5,39.53845546489237,-119.812915374062,39.538474107843584,-119.81287049238509,false,false,false,4.378439526773468
adf91952-6a0c-49ac-9f16-f7632ea648b2,2d06996a-2ea1-40f1-b716-fa3a96c7c9c3,cf3a85d0-e922-4112-8e3e-f2e794fd3e62,14.5,39.53852559101457,-119.81294086228208,39.53845546489237,-119.812915374062,false,false,false,8.08825058489739
